id,customer_id,booking_chat_id,worker_id,title,description,status,is_job_request,categories,contact_name,contact_phone,mode,attachments,address_text,latitude,longitude,location,description_vector,created_at,updated_at
1,1016,1,,cupboard repair,"The sliding wardrobe door has come off its bottom track and two of the soft-close hinges on the side cabinet are hanging loose. I would prefer a matte finish rather than high gloss. The wall behind is plasterboard, not brick, so fixings may need care. The door cannot be closed and clothes are getting dusty. Property is in Imadol, Lalitpur. It is a rented flat and the landlord has agreed to the work. Fix the track and replace the broken hinges. Photos are attached.",MATCHED,true,"[{""tags"":[""sliding-wardrobe"",""soft-close-hardware""],""category"":""carpentry"",""is_custom_category"":false}]",Laxmi Devkota,+977 9814018749,regular,[],"pure land tower, Ward 1, Imadol, Lalitpur, बागमती प्रदेश, 44631, Nepal",27.659384,85.345041,SRID=4326;POINT(85.345041 27.659384),,2026-06-15 14:19:19.000000,2026-06-21 21:37:19.000000
2,1000,4,,party organiser needed,"No great rush. We need help organising a 150-guest engagement function including decoration, seating and catering coordination. Someone is at home all day so timing is flexible. The date is fixed and nothing is arranged yet. Looking for an event coordinator, not a repair service. I would like a written quote first.",PENDING,false,[],Prakash Lama,+977 9811754040,regular,[],"pure land tower, Ward 21, Koteshwor, Kathmandu, बागमती प्रदेश, 44740, Nepal I am abroad, please coordinate with the caretaker on this number.",27.67193,85.352283,SRID=4326;POINT(85.352283 27.67193),,2026-07-19 12:25:28.000000,2026-07-19 13:37:28.000000
3,991,7,,antique table restore,"Would like this sorted this week. An inherited wooden table has lifting veneer on the top, wobbly legs where the joints have loosened, and water rings in the finish. It is a family piece and I do not want it ruined by a rough repair. I would like the original patina kept rather than a fresh look. It is heavy and would be difficult to move out of the house. The piece is teak, at least fifty years old. The lane is narrow so a large vehicle will not reach the gate. Looking for someone who restores antiques properly rather than just repainting. Please bring whatever materials are needed, I will pay for them.",MATCHED,true,"[{""tags"":[""veneer-repair"",""french-polishing"",""structural-joint-reglue""],""category"":""furniture-restoration"",""is_custom_category"":true}]",Deepak Shrestha,+977 9811011695,express,[],"Balumari Marg, Ward 31, Tokha, बागमती प्रदेश, 44780, Nepal",27.757379,85.328833,SRID=4326;POINT(85.328833 27.757379),,2026-06-11 22:45:06.000000,2026-06-20 14:03:06.000000
4,1009,8,868,new floor needed,"Would like this sorted this week. We want laminate or engineered wood laid in two bedrooms over the existing cement floor, which is slightly uneven in one corner. Renovating before moving in next month. Property is in Kalanki, Kathmandu. Total area is roughly 320 square feet across two rooms. There is another small job at the same property we could discuss together. Need the floor levelled and the new flooring supplied and laid. Please bring whatever materials are needed, I will pay for them.",ASSIGNED,true,"[{""tags"":[""laminate-flooring"",""engineered-wood"",""self-levelling-screed""],""category"":""flooring"",""is_custom_category"":false}]",Hari Prasad,+977 9805651287,express,"[{""url"":""https://res.cloudinary.com/handyman-demo/image/upload/v1765109648/job_983860.jpg"",""type"":""image""}]","Sunrise Apartment, Ward 19, Kalanki, Kathmandu, Bagmati Province, 44831, Nepal My mother is at home during the day, she does not speak much English.",27.700148,85.275478,SRID=4326;POINT(85.275478 27.700148),,2026-06-29 04:51:42.000000,2026-07-03 10:41:42.000000
5,975,10,,modular kitchen fitting,"Need this done quickly. We have a bare kitchen with only the counter slab in place and need cabinets above and below fitted around an awkward corner and the gas point. The last carpenter left the job unfinished and I do not want to call him back. Property is in Balaju, Kathmandu. Nothing has a place and we are cooking out of boxes. Want modular units designed, made and installed with proper drawer hardware. I have a budget in mind so tell me if it is unrealistic.",PENDING,true,"[{""tags"":[""modular-kitchen"",""soft-close-hardware""],""category"":""carpentry"",""is_custom_category"":false}]",Sarita KC,+977 9812251077,express,"[{""url"":""https://res.cloudinary.com/handyman-demo/image/upload/v1796564541/job_722030.jpg"",""type"":""image""},{""url"":""https://res.cloudinary.com/handyman-demo/image/upload/v1758364934/job_751626.jpg"",""type"":""image""},{""url"":""https://res.cloudinary.com/handyman-demo/image/upload/v1774994704/job_714977.jpg"",""type"":""image""}]","Buddha Chowk, Ward 12, Balaju, Kathmandu, Bagmati Province, 44862, Nepal Call before coming, the gate is usually locked.",27.741112,85.288488,SRID=4326;POINT(85.288488 27.741112),,2026-07-10 00:16:14.000000,2026-07-10 00:58:14.000000
6,998,13,,wardrobe door broken,"Would like this sorted this week. The sliding wardrobe door has come off its bottom track and two of the soft-close hinges on the side cabinet are hanging loose. The door cannot be closed and clothes are getting dusty. Room measurements are roughly 11 by 13 feet. I would prefer a matte finish rather than high gloss. The last carpenter left the job unfinished and I do not want to call him back. Property is in Kalanki, Kathmandu. Fix the track and replace the broken hinges. Happy to pay a visit charge for an inspection.",MATCHED,true,"[{""tags"":[""sliding-wardrobe"",""soft-close-hardware""],""category"":""carpentry"",""is_custom_category"":false}]",Nirmala Rai,+977 9862483297,express,[],"Buddha Chowk, Ward 29, Kalanki, Kathmandu, Bagmati Province, 44846, Nepal Please call my tenant on the number given, he is at the property.",27.714829,85.267521,SRID=4326;POINT(85.267521 27.714829),,2026-06-29 07:22:16.000000,2026-07-08 19:12:16.000000
7,1001,,,compound wall needed,"Need this today if possible. Need a boundary wall about 30 metres long and 6 feet high built along one side of the plot, with a gate opening left in it. We are on the top floor with no lift. The plot is open and things have gone missing from the site. Access for a mixer is tight, the lane is barely wide enough for a bike. Property is in Koteshwor, Kathmandu. Want brick or block wall built with a proper foundation. Please bring whatever materials are needed, I will pay for them.",PENDING,true,"[{""tags"":[""brickwork"",""block-masonry""],""category"":""masonry"",""is_custom_category"":false}]",Bikash Thapa,+977 9853643517,express,"[{""url"":""https://res.cloudinary.com/handyman-demo/image/upload/v1748480011/job_504507.jpg"",""type"":""image""}]","City Centre back gate, Ward 6, Koteshwor, Kathmandu, Bagmati Province, 44601, Nepal",27.68301,85.352656,SRID=4326;POINT(85.352656 27.68301),,2026-06-30 07:39:38.000000,2026-06-30 08:53:38.000000
8,1021,14,,terrace water leaking,"No great rush. The flat terrace roof leaks into the top floor bedroom during heavy rain, and water sits in a puddle near the parapet that never drains. The bedroom ceiling is stained and we put buckets out every monsoon. It is a flat RCC roof with a brick coba layer on top. Need the leak found and the roof waterproofed properly.",CANCELLED,true,"[{""tags"":[""flat-roof-leak"",""app-membrane"",""liquid-waterproofing""],""category"":""roofing"",""is_custom_category"":false}]",Anjali Joshi,+977 9826654212,regular,"[{""url"":""https://res.cloudinary.com/handyman-demo/image/upload/v1791863343/job_422601.jpg"",""type"":""image""},{""url"":""https://res.cloudinary.com/handyman-demo/image/upload/v1748546706/job_558974.mp4"",""type"":""video""}]","Buddha Chowk, Ward 24, Imadol, Lalitpur, Bagmati Province, 44875, Nepal",27.648809,85.342153,SRID=4326;POINT(85.342153 27.648809),,2026-07-22 03:03:19.000000,2026-07-28 13:34:19.000000
9,996,,,hard water problem,"Would like this sorted this week. The tap water leaves white scale on everything, tastes metallic, and stains the bathroom fittings brown. We currently use a small RO unit in the kitchen only. There is space for a plant beside the underground tank. Want the water tested and a treatment system installed for the whole house. Happy to pay a visit charge for an inspection.",PENDING,true,"[{""tags"":[""ro-plant-install"",""water-softener"",""iron-removal-filter""],""category"":""water-treatment"",""is_custom_category"":false}]",Sita Sharma,+977 9809899249,express,"[{""url"":""https://res.cloudinary.com/handyman-demo/image/upload/v1701548048/job_371919.jpg"",""type"":""image""}]","Annapurna Complex, Ward 14, Budhanilkantha, Kathmandu, बागमती प्रदेश, 44667, Nepal",27.775933,85.35618,SRID=4326;POINT(85.35618 27.775933),,2026-06-14 16:01:03.000000,2026-06-14 16:47:03.000000
10,1002,17,,lift door problem,Urgent. The building lift stops between floors intermittently and the doors sometimes close on people before reopening. The machine room is on the roof. Elderly residents on the fifth floor are effectively trapped upstairs. The annual maintenance contract lapsed last year. Need it serviced and the safety systems tested urgently.,PENDING,true,"[{""tags"":[""lift-servicing"",""door-operator-alignment"",""overspeed-governor-testing""],""category"":""elevator"",""is_custom_category"":true}]",Sita Sharma,+977 9747966533,express,"[{""url"":""https://res.cloudinary.com/handyman-demo/image/upload/v1739146001/job_569666.jpg"",""type"":""image""}]","Newa Decor, Ward 27, Chabahil, Kathmandu, बागमती प्रदेश, 44625, Nepal My mother is at home during the day, she does not speak much English.",27.718914,85.361685,SRID=4326;POINT(85.361685 27.718914),,2026-07-17 18:11:12.000000,2026-07-17 18:56:12.000000
11,1010,19,,rats in house,"This is an emergency. Cockroaches come out of the kitchen drain every night and we have started hearing rats in the ceiling; one bedroom also has bed bugs. This is the second time in two years, the last treatment did not hold. We have a small child in the house so treatment must be safe. Nobody is sleeping properly and it is embarrassing with guests. Want all three dealt with, safely since we have a cat and a toddler.",PENDING,true,"[{""tags"":[""cockroach-gel-treatment"",""rodent-proofing"",""bed-bug-treatment""],""category"":""pest-control"",""is_custom_category"":false}]",Client1,+977 9741372480,express,"[{""url"":""https://res.cloudinary.com/handyman-demo/image/upload/v1762375376/job_923764.jpg"",""type"":""image""},{""url"":""https://res.cloudinary.com/handyman-demo/image/upload/v1741081884/job_765364.jpg"",""type"":""image""},{""url"":""https://res.cloudinary.com/handyman-demo/image/upload/v1733257836/job_105969.mp4"",""type"":""video""}]","Nirvana Garden, Ward 19, Imadol, Lalitpur, बागमती प्रदेश, 44795, Nepal",27.664753,85.327738,SRID=4326;POINT(85.327738 27.664753),,2026-06-04 13:59:03.000000,2026-06-04 15:01:03.000000
12,1041,20,235,no water pressure upstairs,"No great rush. The booster pump runs constantly but almost no water reaches the second and third floor taps, and the pump makes a rattling noise. The bathroom is on the second floor with tiled walls. Water supply here is from the municipal line plus an underground tank. The shut-off valve is in the parking area if you need it. Two families upstairs have had no running water since Saturday. Need the pump and overhead tank plumbing looked at, and the pressure balanced across all floors. Please bring whatever materials are needed, I will pay for them.",COMPLETED,true,"[{""tags"":[""pressure-pump-install"",""overhead-tank-plumbing""],""category"":""plumbing"",""is_custom_category"":false}]",Ram Bahadur,+977 9758997198,regular,[],"hotel Rupakot, Ward 2, Dhapasi, Kathmandu, Bagmati Province, 44623, Nepal",27.749716,85.325162,SRID=4326;POINT(85.325162 27.749716),,2026-07-15 04:16:02.000000,2026-07-15 08:05:02.000000
13,1034,21,761,clinic flooring,"The clinic floor is bare concrete that stains easily and cannot be cleaned to a hygienic standard, with a slight slope towards the door. Total area is roughly 320 square feet across two rooms. There is a bathroom adjoining so a moisture barrier may be needed. We want a mid-range finish, nothing imported. Someone is at home all day so timing is flexible. We have an inspection for licensing coming up. Want a seamless coated floor that can be properly disinfected. Let me know when you could visit to look at it.",ASSIGNED,true,"[{""tags"":[""epoxy-floor-coating"",""self-levelling-screed""],""category"":""flooring"",""is_custom_category"":false}]",Kiran Adhikari,+977 9756588030,regular,[],"Gyan Jyoti School, Ward 24, Jawalakhel, Lalitpur, Bagmati Province, 44785, Nepal I am abroad, please coordinate with the caretaker on this number.",27.675644,85.302786,SRID=4326;POINT(85.302786 27.675644),,2026-06-27 13:33:30.000000,2026-07-06 21:36:30.000000
14,977,23,,genset service,"As soon as possible please. The building's standby diesel generator cranks but will not start, and when it did run last month it produced black smoke and surged. We are on the top floor with no lift. Diesel was last changed over a year ago and may have gone bad. The building has no backup power at all right now. Need it serviced and the changeover panel checked.",MATCHED,true,"[{""tags"":[""diesel-genset-service"",""amf-panel""],""category"":""generator"",""is_custom_category"":false}]",Hari Prasad,+977 9813098810,express,"[{""url"":""https://res.cloudinary.com/handyman-demo/image/upload/v1768491989/job_969592.jpg"",""type"":""image""}]","Balumari Marg, Ward 1, Balaju, Kathmandu, बागमती प्रदेश, 44817, Nepal",27.738898,85.314741,SRID=4326;POINT(85.314741 27.738898),,2026-07-27 22:38:55.000000,2026-08-04 10:30:00.000000
15,1016,26,,concrete slab leaking,The concrete slab over the parking area is leaking through in several spots and there are rust stains with small pieces of concrete falling off. The house is locked during office hours on weekdays. We had this patched two monsoons ago and it opened up again. I can arrange sand and cement locally if that is cheaper. Need the spalled concrete repaired and the reinforcement treated before it gets worse. Let me know when you could visit to look at it.,PENDING,true,"[{""tags"":[""concrete-repair"",""rebar-tying""],""category"":""masonry"",""is_custom_category"":false}]",Gita Tamang,+977 9747015579,regular,"[{""url"":""https://res.cloudinary.com/handyman-demo/image/upload/v1793773147/job_552282.jpg"",""type"":""image""},{""url"":""https://res.cloudinary.com/handyman-demo/image/upload/v1718730859/job_759052.jpg"",""type"":""image""}]","City Centre back gate, Ward 28, Sitapaila, Kathmandu, बागमती प्रदेश, 44824, Nepal",27.709974,85.271293,SRID=4326;POINT(85.271293 27.709974),,2026-08-03 02:32:52.000000,2026-08-03 03:00:52.000000
16,989,,,chhana leaking,"Need this today if possible. The flat terrace roof leaks into the top floor bedroom during heavy rain, and water sits in a puddle near the parapet that never drains. The roof is also used for drying clothes so the finish needs to take foot traffic. The bedroom ceiling is stained and we put buckets out every monsoon. Access to the roof is by an external staircase. Need the leak found and the roof waterproofed properly. I have a budget in mind so tell me if it is unrealistic.",PENDING,true,"[{""tags"":[""flat-roof-leak"",""app-membrane"",""liquid-waterproofing""],""category"":""roofing"",""is_custom_category"":false}]",Ram Bahadur,+977 9822845626,express,[],"Krishna Mandir side, Ward 32, Suryabinayak, Bhaktapur, बागमती प्रदेश, 44623, Nepal",27.660468,85.416903,SRID=4326;POINT(85.416903 27.660468),,2026-07-27 03:55:19.000000,2026-07-27 04:31:19.000000
17,1003,27,,septic tank full,"The septic tank is overflowing at the inspection cover and the soakpit no longer drains, so waste water is surfacing in the back yard. The smell is unbearable and it is right beside the kitchen window. Six people live in the house full time. Need the tank emptied and the soakpit rebuilt if it has silted up. Photos are attached.",PENDING,true,"[{""tags"":[""septic-tank-desludging"",""soakpit-construction"",""drain-field-repair""],""category"":""septic-soakpit"",""is_custom_category"":true}]",Rajesh Karki,+977 9847469287,regular,[],"Gyan Jyoti School, Ward 17, Koteshwor, Kathmandu, Bagmati Province, 44784, Nepal Call before coming, the gate is usually locked.",27.684391,85.355559,SRID=4326;POINT(85.355559 27.684391),,2026-06-26 23:55:49.000000,2026-06-27 00:24:49.000000
18,1031,30,122,gate not closing,"Urgent. The steel main gate has sagged so it drags on the ground and will not latch, and one hinge weld has cracked right through. The gate cannot be locked and it screeches loudly. I want it primed and painted black to match the rest. Need the hinge rewelded and the gate straightened so it closes.",COMPLETED,true,"[{""tags"":[""gate-fabrication"",""mig-welding""],""category"":""welding"",""is_custom_category"":false}]",Prakash Lama,+977 9816190458,express,"[{""url"":""https://res.cloudinary.com/handyman-demo/image/upload/v1790925289/job_542838.mp4"",""type"":""video""}]","Gyan Jyoti School, Ward 26, Thamel, Kathmandu, बागमती प्रदेश, 44668, Nepal",27.723889,85.310468,SRID=4326;POINT(85.310468 27.723889),,2026-06-14 08:40:08.000000,2026-06-18 16:53:08.000000
19,977,33,857,ac servicing,"Need this today if possible. The bedroom split AC runs but barely cools, the outdoor unit ices up, and there is a musty smell from the indoor unit. The unit is a 1.5 ton split, about four years old, out of warranty. Someone is at home all day so timing is flexible. The room gets full afternoon sun which may be part of the problem. Need it serviced, gas checked and the coils cleaned. Please bring whatever materials are needed, I will pay for them.",ASSIGNED,true,"[{""tags"":[""split-ac-install"",""gas-charging"",""coil-cleaning""],""category"":""hvac"",""is_custom_category"":false}]",Nirmala Rai,+977 9864812512,express,"[{""url"":""https://res.cloudinary.com/handyman-demo/image/upload/v1725194494/job_321256.jpg"",""type"":""image""},{""url"":""https://res.cloudinary.com/handyman-demo/image/upload/v1767948737/job_995203.jpg"",""type"":""image""}]","Balumari Marg, Ward 5, Budhanilkantha, Kathmandu, बागमती प्रदेश, 44675, Nepal",27.78314,85.367703,SRID=4326;POINT(85.367703 27.78314),,2026-06-11 09:34:37.000000,2026-06-15 07:40:37.000000
20,1008,36,,paint 2 rooms,No great rush. Two bedrooms need repainting; the current paint is patchy and there are hairline cracks and nail holes all over the walls. Ceiling height is about nine feet so scaffolding may be needed. Someone is at home all day so timing is flexible. Guests arriving for a wedding next month. We would like to keep the existing shade if it can be matched. Want the walls puttied smooth and painted in a colour matched to the living room. I would like a written quote first.,MATCHED,true,"[{""tags"":[""wall-putty"",""emulsion-finish"",""colour-matching""],""category"":""painting"",""is_custom_category"":false}]",Sita Sharma,+977 9844446962,regular,"[{""url"":""https://res.cloudinary.com/handyman-demo/image/upload/v1720607093/job_194255.jpg"",""type"":""image""},{""url"":""https://res.cloudinary.com/handyman-demo/image/upload/v1711682135/job_850046.mp4"",""type"":""video""}]","Pragya Sadan, Ward 16, Koteshwor, Kathmandu, बागमती प्रदेश, 44757, Nepal",27.662502,85.340872,SRID=4326;POINT(85.340872 27.662502),,2026-06-28 07:11:32.000000,2026-07-05 20:26:32.000000
21,1037,39,,marble floor dull,"Need this done quickly. The marble floor in the living and dining area has lost its shine, has visible scratches, and one slab sits slightly higher than its neighbour. I would rather not have the whole floor pulled up if it can be avoided. There is underfloor plumbing in that area so please be careful. It was expensive and now looks worse than cheap tile. Property is in Balaju, Kathmandu. Need it ground level and polished back. Happy to pay a visit charge for an inspection.",PENDING,true,"[{""tags"":[""marble-laying"",""stone-polishing""],""category"":""tiling"",""is_custom_category"":false}]",Kiran Adhikari,+977 9856289920,express,[],"SASA Health Care, Ward 29, Balaju, Kathmandu, Bagmati Province, 44634, Nepal I am abroad, please coordinate with the caretaker on this number.",27.740567,85.281152,SRID=4326;POINT(85.281152 27.740567),,2026-07-27 15:53:31.000000,2026-07-27 17:06:31.000000
22,1050,42,666,Need bed made,"No great rush. I want a solid wood queen bed with storage drawers underneath, made to fit a slightly narrow room. Moving into the new flat next month and need it before then. Property is in Tokha. Room measurements are roughly 11 by 13 feet. Looking for someone who can measure, build and finish it in matching wood. Please bring whatever materials are needed, I will pay for them.",ASSIGNED,true,"[{""tags"":[""custom-furniture"",""hardwood-finishing""],""category"":""carpentry"",""is_custom_category"":false}]",Ram Bahadur,+977 9756617441,regular,"[{""url"":""https://res.cloudinary.com/handyman-demo/image/upload/v1774468357/job_504997.jpg"",""type"":""image""},{""url"":""https://res.cloudinary.com/handyman-demo/image/upload/v1797040985/job_838191.jpg"",""type"":""image""}]","Shanti Bhawan, Ward 21, Tokha, Bagmati Province, 44813, Nepal",27.768588,85.324261,SRID=4326;POINT(85.324261 27.768588),,2026-06-21 18:46:57.000000,2026-06-30 00:55:57.000000
23,1001,45,203,fingerprint lock,"This is an emergency. We want to replace the main door lock with a fingerprint and PIN lock, and give separate access codes to family and the cleaner. We are on the top floor with no lift. The lock is a Godrej mortise type. The door itself is solid wood and I do not want it damaged. There is a second lock on the same door that still works. Property is in Suryabinayak, Bhaktapur. Too many keys in circulation after we changed tenants. Want a digital lock supplied and fitted with codes set up.",COMPLETED,true,"[{""tags"":[""digital-door-lock"",""biometric-lock""],""category"":""locksmith"",""is_custom_category"":false}]",Gita Tamang,+977 9859971044,express,[],"Balumari Marg, Ward 17, Suryabinayak, Bhaktapur, बागमती प्रदेश, 44865, Nepal I am abroad, please coordinate with the caretaker on this number.",27.67371,85.45414,SRID=4326;POINT(85.45414 27.67371),,2026-06-22 18:39:53.000000,2026-06-27 13:21:53.000000
24,990,46,,water tank cleaning,"The underground water tank has not been cleaned in years and the water has started smelling and looking slightly cloudy. It is a rented flat and the landlord has agreed to the work. Water supply is available but you would need to bring your own equipment. We would like this done on a Saturday if possible. Want the tank emptied, scrubbed and disinfected properly. Please give me a rough estimate before starting.",PENDING,true,"[{""tags"":[""water-tank-cleaning"",""sump-disinfection""],""category"":""cleaning"",""is_custom_category"":false}]",Hari Prasad,+977 9755595674,regular,[],"pure land tower, Ward 15, Budhanilkantha, Kathmandu, Bagmati Province, 44667, Nepal I am abroad, please coordinate with the caretaker on this number.",27.763276,85.365235,SRID=4326;POINT(85.365235 27.763276),,2026-07-24 20:59:41.000000,2026-07-24 21:06:41.000000
25,993,49,,house strengthening,"Would like this sorted this week. Our four-storey house was built before the current code with a very open ground floor for parking, and cracks appeared at the column tops after the last tremor. Property is in Madhyapur Thimi. The ground floor is entirely open for parking with no infill walls. Two neighbouring houses are attached on either side. There is another small job at the same property we could discuss together. We are genuinely worried about the next big earthquake. Want the building assessed for seismic vulnerability and strengthened where needed. I would like a written quote first.",PENDING,true,"[{""tags"":[""seismic-vulnerability-survey"",""jacketing-and-confinement"",""wall-stitching""],""category"":""seismic-retrofit"",""is_custom_category"":true}]",Anup G,+977 9865241582,express,[],"Sunrise Apartment, Ward 25, Madhyapur Thimi, बागमती प्रदेश, 44687, Nepal Best to come after 5pm when someone is home.",27.684764,85.383821,SRID=4326;POINT(85.383821 27.684764),,2026-06-28 10:24:54.000000,2026-06-28 11:20:54.000000
26,1009,,,building glass cleaning,Urgent. The outside of the glass on our four-storey building has hard water staining and cannot be reached from inside. Water supply is available but you would need to bring your own equipment. Need someone with rope access or proper equipment to clean it. Happy to pay a visit charge for an inspection.,PENDING,true,"[{""tags"":[""high-rise-glass"",""facade-cleaning"",""rope-access""],""category"":""cleaning"",""is_custom_category"":false}]",Client1,+977 9746048456,express,"[{""url"":""https://res.cloudinary.com/handyman-demo/image/upload/v1774614301/job_154751.jpg"",""type"":""image""},{""url"":""https://res.cloudinary.com/handyman-demo/image/upload/v1733077565/job_489668.jpg"",""type"":""image""},{""url"":""https://res.cloudinary.com/handyman-demo/image/upload/v1796558507/job_695618.jpg"",""type"":""image""}]","hotel Rupakot, Ward 13, Baneshwor, Kathmandu, Bagmati Province, 44658, Nepal Please call my tenant on the number given, he is at the property.",27.680935,85.331391,SRID=4326;POINT(85.331391 27.680935),,2026-06-13 10:31:49.000000,2026-06-13 10:33:49.000000
27,1054,50,551,bamboo hut needed,"No great rush. We want a bamboo shade structure built on the terrace, and four cane dining chairs have sagging, broken seat weaves. We can source bamboo locally if you advise on the type. Opening a small cafe on the terrace next season. Need the structure built with treated bamboo and the chair seats rewoven.",ASSIGNED,true,"[{""tags"":[""bamboo-structure-building"",""cane-seat-weaving"",""bamboo-treatment""],""category"":""bamboo-cane"",""is_custom_category"":true}]",Anjali Joshi,+977 9823776967,regular,"[{""url"":""https://res.cloudinary.com/handyman-demo/image/upload/v1702893281/job_487594.jpg"",""type"":""image""}]","Newa Decor, Ward 9, Chabahil, Kathmandu, Bagmati Province, 44695, Nepal Please call my tenant on the number given, he is at the property.",27.716688,85.360468,SRID=4326;POINT(85.360468 27.716688),,2026-07-26 07:37:45.000000,2026-07-28 06:45:45.000000
28,978,51,,LED lights install,"Half the ceiling lights flicker and hum after we changed the bulbs to LED, and two of the dimmer switches no longer work at all. Property is in Kirtipur. We are on the top floor with no lift. It is giving everyone headaches in the living room. There is an inverter in the circuit as well, in case that matters. Want the fittings and dimmers replaced with ones that actually work together.",PENDING,true,"[{""tags"":[""led-retrofit"",""architectural-lighting""],""category"":""electrical"",""is_custom_category"":false}]",Anup G,+977 9759803638,regular,"[{""url"":""https://res.cloudinary.com/handyman-demo/image/upload/v1737682361/job_133857.jpg"",""type"":""image""},{""url"":""https://res.cloudinary.com/handyman-demo/image/upload/v1734430559/job_227052.jpg"",""type"":""image""},{""url"":""https://res.cloudinary.com/handyman-demo/image/upload/v1706982060/job_456676.jpg"",""type"":""image""}]","Nirvana Garden, Ward 10, Kirtipur, Bagmati Province, 44881, Nepal Call before coming, the gate is usually locked.",27.678798,85.263433,SRID=4326;POINT(85.263433 27.678798),,2026-06-16 02:32:15.000000,2026-06-16 03:56:15.000000
29,1048,54,,packers and movers,"No great rush. Standard two-bedroom flat move within Lalitpur, including packing, a fridge and a washing machine. Property is in Sitapaila, Kathmandu. It is a rented flat and the landlord has agreed to the work. Want a moving team with a vehicle and packing material. Photos are attached.",PENDING,false,[],Anjali Joshi,+977 9805051295,regular,"[{""url"":""https://res.cloudinary.com/handyman-demo/image/upload/v1706678182/job_316397.jpg"",""type"":""image""},{""url"":""https://res.cloudinary.com/handyman-demo/image/upload/v1760790825/job_920428.jpg"",""type"":""image""}]","Milan Tole, Ward 14, Sitapaila, Kathmandu, बागमती प्रदेश, 44813, Nepal",27.701222,85.274095,SRID=4326;POINT(85.274095 27.701222),,2026-08-02 17:33:02.000000,2026-08-02 17:50:02.000000
30,1045,57,,window glass replace,"Urgent. A large window pane cracked across the middle and needs replacing, and we also want a full-length mirror fitted in the bedroom. There is another small job at the same property we could discuss together. The opening is roughly 5 feet by 4 feet. Property is in Dhapasi, Kathmandu. Need the glass measured, supplied and fitted safely. Let me know when you could visit to look at it.",PENDING,true,"[{""tags"":[""toughened-glass"",""mirror-fitting""],""category"":""glazing"",""is_custom_category"":false}]",Laxmi Devkota,+977 9862744891,express,"[{""url"":""https://res.cloudinary.com/handyman-demo/image/upload/v1787883482/job_297582.mp4"",""type"":""video""}]","SASA Health Care, Ward 13, Dhapasi, Kathmandu, बागमती प्रदेश, 44698, Nepal",27.744134,85.324365,SRID=4326;POINT(85.324365 27.744134),,2026-06-24 10:44:29.000000,2026-06-24 12:08:29.000000
31,1046,59,,building retrofit,"As soon as possible please. Our four-storey house was built before the current code with a very open ground floor for parking, and cracks appeared at the column tops after the last tremor. Parking for a vehicle is available right outside. We are genuinely worried about the next big earthquake. Property is in Dhapasi, Kathmandu. Two neighbouring houses are attached on either side. We would need a written engineer's report for the bank as well. Want the building assessed for seismic vulnerability and strengthened where needed. I have a budget in mind so tell me if it is unrealistic.",MATCHED,true,"[{""tags"":[""seismic-vulnerability-survey"",""jacketing-and-confinement"",""wall-stitching""],""category"":""seismic-retrofit"",""is_custom_category"":true}]",Client1,+977 9823162847,express,"[{""url"":""https://res.cloudinary.com/handyman-demo/image/upload/v1789446365/job_935954.jpg"",""type"":""image""}]","Krishna Mandir side, Ward 32, Dhapasi, Kathmandu, बागमती प्रदेश, 44658, Nepal",27.751933,85.318731,SRID=4326;POINT(85.318731 27.751933),,2026-07-26 21:42:50.000000,2026-08-04 10:30:00.000000
32,1029,61,,pool water green,"The pool water has turned green and cloudy, the filter pressure reads high, and the level drops a few centimetres a day. It has not been drained fully in over two years. Need the water balanced, the filter serviced and the leak traced.",MATCHED,true,"[{""tags"":[""water-chemistry-balancing"",""pool-filtration-plant"",""pool-leak-detection""],""category"":""swimming-pool"",""is_custom_category"":true}]",Nirmala Rai,+977 9811446899,regular,"[{""url"":""https://res.cloudinary.com/handyman-demo/image/upload/v1717876620/job_618277.jpg"",""type"":""image""}]","City Centre back gate, Ward 23, Balaju, Kathmandu, बागमती प्रदेश, 44812, Nepal Call before coming, the gate is usually locked.",27.737633,85.306644,SRID=4326;POINT(85.306644 27.737633),,2026-06-15 15:43:19.000000,2026-06-18 10:06:19.000000
33,1037,62,,epoxy floor workshop,"As soon as possible please. The clinic floor is bare concrete that stains easily and cannot be cleaned to a hygienic standard, with a slight slope towards the door. Parking for a vehicle is available right outside. We have an inspection for licensing coming up. Property is in Thamel, Kathmandu. There is a bathroom adjoining so a moisture barrier may be needed. Skirting also needs to be done to match. Want a seamless coated floor that can be properly disinfected.",PENDING,true,"[{""tags"":[""epoxy-floor-coating"",""self-levelling-screed""],""category"":""flooring"",""is_custom_category"":false}]",Bikash Thapa,+977 9865417597,express,"[{""url"":""https://res.cloudinary.com/handyman-demo/image/upload/v1793578430/job_464629.jpg"",""type"":""image""},{""url"":""https://res.cloudinary.com/handyman-demo/image/upload/v1782430645/job_660979.jpg"",""type"":""image""}]","Himalaya Height, Ward 17, Thamel, Kathmandu, Bagmati Province, 44856, Nepal Best to come after 5pm when someone is home.",27.717088,85.311537,SRID=4326;POINT(85.311537 27.717088),,2026-07-24 00:21:26.000000,2026-07-24 01:47:26.000000
34,1042,65,,key lost urgent,"No great rush. I have lost the only key to my flat and I am standing outside; the lock is a standard mortise type. Property is in Thamel, Kathmandu. The lock is a Godrej mortise type. Locked out with a small child and it is getting dark. Need someone to open it without breaking the door and fit a new lock.",PENDING,true,"[{""tags"":[""non-destructive-entry"",""24hr-emergency"",""lock-picking""],""category"":""locksmith"",""is_custom_category"":false}]",Pemba Sherpa,+977 9823410685,regular,"[{""url"":""https://res.cloudinary.com/handyman-demo/image/upload/v1736236505/job_937005.mp4"",""type"":""video""},{""url"":""https://res.cloudinary.com/handyman-demo/image/upload/v1751709773/job_710818.jpg"",""type"":""image""}]","pure land tower, Ward 4, Thamel, Kathmandu, Bagmati Province, 44604, Nepal",27.717495,85.304961,SRID=4326;POINT(85.304961 27.717495),,2026-06-24 14:32:36.000000,2026-06-24 15:20:36.000000
35,1016,68,197,curtain rod fixing,Would like this sorted this week. We need curtain tracks and blinds fitted in five rooms; the previous rods pulled straight out of the plasterboard wall. One of the rooms has a curved bay window. We can buy the fabric ourselves if you only do the fitting. This is a commercial premises so work would have to be after closing. Want tracks fixed properly this time and blinds cut to fit the windows.,ASSIGNED,true,"[{""tags"":[""curtain-track-fitting"",""roller-and-venetian-blinds"",""motorised-shading""],""category"":""curtains-blinds"",""is_custom_category"":true}]",Sunita Maharjan,+977 9741187298,express,[],"pure land tower, Ward 28, Godawari, Lalitpur, बागमती प्रदेश, 44886, Nepal",27.602459,85.387976,SRID=4326;POINT(85.387976 27.602459),,2026-06-20 13:36:29.000000,2026-06-30 00:47:29.000000
36,1035,69,673,washing machine leaking,"The front-load washing machine makes a loud grinding noise on spin, shakes badly, and leaves a puddle of water underneath after each wash. Cannot wash clothes for a family of five. There is a power fluctuation problem in this area which may have damaged it. Parking for a vehicle is available right outside. It is a Samsung unit, roughly five years old, warranty finished. Need it repaired at home if possible rather than taken away. Photos are attached.",COMPLETED,true,"[{""tags"":[""front-load-washer"",""drum-bearing-replacement""],""category"":""appliance-repair"",""is_custom_category"":false}]",Rajesh Karki,+977 9818904269,regular,[],"Milan Tole, Ward 15, Budhanilkantha, Kathmandu, बागमती प्रदेश, 44736, Nepal",27.775946,85.371264,SRID=4326;POINT(85.371264 27.775946),,2026-06-26 20:49:34.000000,2026-06-28 19:02:34.000000
37,1032,71,,inverter not backing up,"This is an emergency. The inverter beeps and cuts out within a few minutes of a power cut, and the batteries feel hot afterwards. Load shedding is back and we are without light most evenings. We are on a 15 amp single-phase connection from NEA. Need the batteries tested and the inverter wiring checked, replaced if the bank is finished. Photos are attached.",PENDING,true,"[{""tags"":[""inverter-install"",""battery-bank-wiring""],""category"":""electrical"",""is_custom_category"":false}]",Rajesh Karki,+977 9806403054,express,[],"City Centre back gate, Ward 30, Imadol, Lalitpur, बागमती प्रदेश, 44650, Nepal",27.666468,85.320778,SRID=4326;POINT(85.320778 27.666468),,2026-07-06 15:01:20.000000,2026-07-06 15:40:20.000000
38,1021,72,,dhamira in wood,"As soon as possible please. There are mud tracks running up the wall behind the wardrobe and the wooden door frame sounds hollow and crumbles when pressed. We can vacate the house for a day if the treatment requires it. There is a garden on two sides which may be where they are coming from. This is a commercial premises so work would have to be after closing. We have a small child in the house so treatment must be safe. They have already destroyed one bookshelf. Need the termites treated at the source, not just sprayed. Photos are attached.",PENDING,true,"[{""tags"":[""anti-termite-treatment"",""wood-borer""],""category"":""pest-control"",""is_custom_category"":false}]",Anjali Joshi,+977 9802333360,express,"[{""url"":""https://res.cloudinary.com/handyman-demo/image/upload/v1734348227/job_279826.mp4"",""type"":""video""},{""url"":""https://res.cloudinary.com/handyman-demo/image/upload/v1745376278/job_343575.jpg"",""type"":""image""}]","Sunrise Apartment, Ward 14, Gokarneshwor, Bagmati Province, 44696, Nepal Please call my tenant on the number given, he is at the property.",27.746141,85.393432,SRID=4326;POINT(85.393432 27.746141),,2026-07-07 17:43:32.000000,2026-07-07 19:03:32.000000
39,1053,73,,bike servicing,"Would like this sorted this week. The car makes a grinding noise when braking and pulls to the left. We are on the top floor with no lift. I do not feel safe driving the children in it. Need a mechanic, ideally one who can come to the house.",PENDING,false,[],Binod Chaudhary,+977 9845883068,express,"[{""url"":""https://res.cloudinary.com/handyman-demo/image/upload/v1787495914/job_783939.jpg"",""type"":""image""},{""url"":""https://res.cloudinary.com/handyman-demo/image/upload/v1758250123/job_901337.jpg"",""type"":""image""},{""url"":""https://res.cloudinary.com/handyman-demo/image/upload/v1767815321/job_919412.jpg"",""type"":""image""}]","SASA Health Care, Ward 28, Budhanilkantha, Kathmandu, Bagmati Province, 44734, Nepal",27.788662,85.363134,SRID=4326;POINT(85.363134 27.788662),,2026-06-10 10:57:36.000000,2026-06-10 12:26:36.000000
40,1026,74,542,MCB keeps tripping,"The main breaker trips several times a day, usually when the water pump or iron is switched on, and the board makes a faint buzzing sound. An electrician looked at it last year and said the load was too high. Property is in Bhaktapur Durbar Square Area. The fridge keeps losing power and food has spoiled twice. There is an inverter in the circuit as well, in case that matters. Need someone to find what is overloading the circuit and fix it properly, not just reset it. Let me know when you could visit to look at it.",ASSIGNED,true,"[{""tags"":[""tripping-circuit-repair"",""fault-diagnosis""],""category"":""electrical"",""is_custom_category"":false}]",Gita Tamang,+977 9841370315,regular,"[{""url"":""https://res.cloudinary.com/handyman-demo/image/upload/v1769953606/job_565857.jpg"",""type"":""image""},{""url"":""https://res.cloudinary.com/handyman-demo/image/upload/v1747027374/job_899873.jpg"",""type"":""image""}]","Nirvana Garden, Ward 29, Bhaktapur Durbar Square Area, बागमती प्रदेश, 44831, Nepal I am abroad, please coordinate with the caretaker on this number.",27.665353,85.415939,SRID=4326;POINT(85.415939 27.665353),,2026-07-02 02:46:53.000000,2026-07-03 02:14:53.000000
41,990,76,,cockroach problem kitchen,"Urgent. Cockroaches come out of the kitchen drain every night and we have started hearing rats in the ceiling; one bedroom also has bed bugs. We can vacate the house for a day if the treatment requires it. There is a garden on two sides which may be where they are coming from. The house has a lot of built-in wooden furniture. Nobody is sleeping properly and it is embarrassing with guests. Property is in Baneshwor, Kathmandu. Want all three dealt with, safely since we have a cat and a toddler. Please bring whatever materials are needed, I will pay for them.",PENDING,true,"[{""tags"":[""cockroach-gel-treatment"",""rodent-proofing"",""bed-bug-treatment""],""category"":""pest-control"",""is_custom_category"":false}]",Binod Chaudhary,+977 9816332706,express,"[{""url"":""https://res.cloudinary.com/handyman-demo/image/upload/v1726605653/job_519057.jpg"",""type"":""image""},{""url"":""https://res.cloudinary.com/handyman-demo/image/upload/v1744653887/job_144499.jpg"",""type"":""image""}]","Krishna Mandir side, Ward 26, Baneshwor, Kathmandu, Bagmati Province, 44742, Nepal My mother is at home during the day, she does not speak much English.",27.695646,85.331333,SRID=4326;POINT(85.331333 27.695646),,2026-06-20 06:10:24.000000,2026-06-20 07:29:24.000000
42,1001,77,576,pool water green,"The pool water has turned green and cloudy, the filter pressure reads high, and the level drops a few centimetres a day. Property is in Jawalakhel, Lalitpur. The pump was replaced last season but the sand filter is original. The filtration plant room is behind the changing rooms. Guests at the guesthouse cannot use the pool. Need the water balanced, the filter serviced and the leak traced. Please bring whatever materials are needed, I will pay for them.",COMPLETED,true,"[{""tags"":[""water-chemistry-balancing"",""pool-filtration-plant"",""pool-leak-detection""],""category"":""swimming-pool"",""is_custom_category"":true}]",Suresh Basnet,+977 9742055459,regular,"[{""url"":""https://res.cloudinary.com/handyman-demo/image/upload/v1769364431/job_120613.mp4"",""type"":""video""},{""url"":""https://res.cloudinary.com/handyman-demo/image/upload/v1759203002/job_802664.jpg"",""type"":""image""}]","Sunrise Apartment, Ward 4, Jawalakhel, Lalitpur, बागमती प्रदेश, 44631, Nepal",27.673172,85.31283,SRID=4326;POINT(85.31283 27.673172),,2026-07-17 04:41:23.000000,2026-07-17 09:41:23.000000
43,1033,79,,curtain fitting,"Sometime this week is fine. We need curtain tracks and blinds fitted in five rooms; the previous rods pulled straight out of the plasterboard wall. No privacy in the front-facing rooms. The windows vary in size, the largest is about 7 feet wide. Walls are drywall in three of the rooms and brick in the others. Want tracks fixed properly this time and blinds cut to fit the windows.",PENDING,true,"[{""tags"":[""curtain-track-fitting"",""roller-and-venetian-blinds"",""motorised-shading""],""category"":""curtains-blinds"",""is_custom_category"":true}]",Kiran Adhikari,+977 9754955043,regular,[],"Balumari Marg, Ward 2, Suryabinayak, Bhaktapur, बागमती प्रदेश, 44607, Nepal",27.661485,85.432638,SRID=4326;POINT(85.432638 27.661485),,2026-06-21 07:29:57.000000,2026-06-21 08:15:57.000000
44,1019,80,840,RO plant needed,"No great rush. The tap water leaves white scale on everything, tastes metallic, and stains the bathroom fittings brown. Daily consumption is roughly 1000 litres for two families. There is space for a plant beside the underground tank. Property is in Dhapasi, Kathmandu. It is a rented flat and the landlord has agreed to the work. Want the water tested and a treatment system installed for the whole house. Photos are attached.",ASSIGNED,true,"[{""tags"":[""ro-plant-install"",""water-softener"",""iron-removal-filter""],""category"":""water-treatment"",""is_custom_category"":false}]",Pemba Sherpa,+977 9752880273,regular,[],"City Centre back gate, Ward 4, Dhapasi, Kathmandu, Bagmati Province, 44669, Nepal",27.755675,85.316369,SRID=4326;POINT(85.316369 27.755675),,2026-07-23 07:31:04.000000,2026-07-24 15:39:04.000000
45,999,,,CGI sheet replace,"This is an emergency. Two CGI sheets on the shed roof have corroded through and one has come loose and lifts in the wind. The lane is narrow so a large vehicle will not reach the gate. The problem only shows during heavy rain, not light drizzle. Want the bad sheets replaced and the ridge properly sealed.",MATCHED,true,"[{""tags"":[""cgi-sheet-roofing"",""ridge-and-flashing""],""category"":""roofing"",""is_custom_category"":false}]",Sita Sharma,+977 9741495811,express,"[{""url"":""https://res.cloudinary.com/handyman-demo/image/upload/v1762791768/job_980761.jpg"",""type"":""image""},{""url"":""https://res.cloudinary.com/handyman-demo/image/upload/v1737445714/job_483663.jpg"",""type"":""image""}]","hotel Rupakot, Ward 11, Thamel, Kathmandu, बागमती प्रदेश, 44748, Nepal",27.705814,85.300533,SRID=4326;POINT(85.300533 27.705814),,2026-06-07 03:18:50.000000,2026-06-09 06:25:50.000000
46,985,83,768,key lost urgent,I have lost the only key to my flat and I am standing outside; the lock is a standard mortise type. Locked out with a small child and it is getting dark. I have the original key for a different door of the same set. Need someone to open it without breaking the door and fit a new lock.,ASSIGNED,true,"[{""tags"":[""non-destructive-entry"",""24hr-emergency"",""lock-picking""],""category"":""locksmith"",""is_custom_category"":false}]",Sarita KC,+977 9802334198,regular,[],"Newa Decor, Ward 1, Gokarneshwor, Bagmati Province, 44754, Nepal Best to come after 5pm when someone is home.",27.74344,85.413942,SRID=4326;POINT(85.413942 27.74344),,2026-07-25 09:59:52.000000,2026-07-31 14:30:52.000000
47,1009,84,288,pool water green,"The pool water has turned green and cloudy, the filter pressure reads high, and the level drops a few centimetres a day. The filtration plant room is behind the changing rooms. Guests at the guesthouse cannot use the pool. It is a rented flat and the landlord has agreed to the work. Need the water balanced, the filter serviced and the leak traced.",COMPLETED,true,"[{""tags"":[""water-chemistry-balancing"",""pool-filtration-plant"",""pool-leak-detection""],""category"":""swimming-pool"",""is_custom_category"":true}]",Sunita Maharjan,+977 9861590705,regular,"[{""url"":""https://res.cloudinary.com/handyman-demo/image/upload/v1747060871/job_664540.jpg"",""type"":""image""}]","Krishna Mandir side, Ward 8, Kalanki, Kathmandu, Bagmati Province, 44827, Nepal",27.696242,85.274169,SRID=4326;POINT(85.274169 27.696242),,2026-08-03 12:00:29.000000,2026-08-04 10:30:00.000000
48,984,86,454,bathroom leaking downstairs,"Sometime this week is fine. Water from the upstairs bathroom is coming through the ceiling below, and some floor tiles in the shower area sound hollow when tapped. The ceiling below is stained and starting to sag. The original tiling was done four years ago by the builder. Parking for a vehicle is available right outside. Need the bathroom floor redone with proper waterproofing underneath.",ASSIGNED,true,"[{""tags"":[""wet-area-waterproofing"",""shower-tray-forming""],""category"":""tiling"",""is_custom_category"":false}]",Deepak Shrestha,+977 9753492213,regular,[],"SASA Health Care, Ward 24, Bhaktapur Durbar Square Area, बागमती प्रदेश, 44846, Nepal",27.66782,85.398717,SRID=4326;POINT(85.398717 27.66782),,2026-07-15 14:34:47.000000,2026-07-17 06:22:47.000000
49,992,89,758,house strengthening,"Sometime this week is fine. Our four-storey house was built before the current code with a very open ground floor for parking, and cracks appeared at the column tops after the last tremor. We are genuinely worried about the next big earthquake. The ground floor is entirely open for parking with no infill walls. We would need a written engineer's report for the bank as well. Want the building assessed for seismic vulnerability and strengthened where needed. Photos are attached.",ASSIGNED,true,"[{""tags"":[""seismic-vulnerability-survey"",""jacketing-and-confinement"",""wall-stitching""],""category"":""seismic-retrofit"",""is_custom_category"":true}]",Laxmi Devkota,+977 9813754140,regular,"[{""url"":""https://res.cloudinary.com/handyman-demo/image/upload/v1720509400/job_846235.mp4"",""type"":""video""},{""url"":""https://res.cloudinary.com/handyman-demo/image/upload/v1729290606/job_116163.jpg"",""type"":""image""}]","Himalaya Height, Ward 31, Bhaktapur Durbar Square Area, बागमती प्रदेश, 44874, Nepal Please call my tenant on the number given, he is at the property.",27.677241,85.424156,SRID=4326;POINT(85.424156 27.677241),,2026-07-09 01:03:09.000000,2026-07-16 21:27:09.000000
50,1007,92,,need new lights fitted,"This is an emergency. Half the ceiling lights flicker and hum after we changed the bulbs to LED, and two of the dimmer switches no longer work at all. The distribution board is inside the stairwell cupboard. There is an inverter in the circuit as well, in case that matters. An electrician looked at it last year and said the load was too high. Property is in Koteshwor, Kathmandu. Want the fittings and dimmers replaced with ones that actually work together. I would like a written quote first.",PENDING,true,"[{""tags"":[""led-retrofit"",""architectural-lighting""],""category"":""electrical"",""is_custom_category"":false}]",Sita Sharma,+977 9813194281,express,"[{""url"":""https://res.cloudinary.com/handyman-demo/image/upload/v1730616663/job_329186.jpg"",""type"":""image""},{""url"":""https://res.cloudinary.com/handyman-demo/image/upload/v1765252900/job_587333.jpg"",""type"":""image""},{""url"":""https://res.cloudinary.com/handyman-demo/image/upload/v1731464037/job_499052.jpg"",""type"":""image""}]","hotel Rupakot, Ward 16, Koteshwor, Kathmandu, Bagmati Province, 44753, Nepal Call before coming, the gate is usually locked.",27.693461,85.343559,SRID=4326;POINT(85.343559 27.693461),,2026-06-08 14:52:57.000000,2026-06-08 15:55:57.000000
51,1023,,,lift door problem,"No great rush. The building lift stops between floors intermittently and the doors sometimes close on people before reopening. Someone is at home all day so timing is flexible. It is a 6-passenger Kone lift, installed roughly nine years ago. Property is in Madhyapur Thimi. Elderly residents on the fifth floor are effectively trapped upstairs. The annual maintenance contract lapsed last year. Need it serviced and the safety systems tested urgently. Please bring whatever materials are needed, I will pay for them.",PENDING,true,"[{""tags"":[""lift-servicing"",""door-operator-alignment"",""overspeed-governor-testing""],""category"":""elevator"",""is_custom_category"":true}]",Binod Chaudhary,+977 9806511085,regular,"[{""url"":""https://res.cloudinary.com/handyman-demo/image/upload/v1793655649/job_723997.mp4"",""type"":""video""}]","pure land tower, Ward 31, Madhyapur Thimi, बागमती प्रदेश, 44626, Nepal",27.686656,85.391044,SRID=4326;POINT(85.391044 27.686656),,2026-07-22 11:46:42.000000,2026-07-22 11:48:42.000000
52,1015,93,,gate not closing,"As soon as possible please. The steel main gate has sagged so it drags on the ground and will not latch, and one hinge weld has cracked right through. I want it primed and painted black to match the rest. Property is in Satdobato, Lalitpur. The gate cannot be locked and it screeches loudly. The lane is narrow so a large vehicle will not reach the gate. Need the hinge rewelded and the gate straightened so it closes. I would like a written quote first.",PENDING,true,"[{""tags"":[""gate-fabrication"",""mig-welding""],""category"":""welding"",""is_custom_category"":false}]",Kiran Adhikari,+977 9843324197,express,[],"Himalaya Height, Ward 23, Satdobato, Lalitpur, बागमती प्रदेश, 44897, Nepal I am abroad, please coordinate with the caretaker on this number.",27.671762,85.328208,SRID=4326;POINT(85.328208 27.671762),,2026-06-20 15:59:30.000000,2026-06-20 17:20:30.000000
53,1037,96,,smart lock fitting,"Urgent. We want to replace the main door lock with a fingerprint and PIN lock, and give separate access codes to family and the cleaner. The door itself is solid wood and I do not want it damaged. There is a second lock on the same door that still works. The lock is a Godrej mortise type. Too many keys in circulation after we changed tenants. Want a digital lock supplied and fitted with codes set up.",PENDING,true,"[{""tags"":[""digital-door-lock"",""biometric-lock""],""category"":""locksmith"",""is_custom_category"":false}]",Anup G,+977 9824486783,express,"[{""url"":""https://res.cloudinary.com/handyman-demo/image/upload/v1766724074/job_566973.mp4"",""type"":""video""}]","hotel Rupakot, Ward 6, Budhanilkantha, Kathmandu, बागमती प्रदेश, 44823, Nepal I am abroad, please coordinate with the caretaker on this number.",27.773235,85.355158,SRID=4326;POINT(85.355158 27.773235),,2026-06-12 10:00:38.000000,2026-06-12 10:35:38.000000
54,1042,99,,inverter not backing up,"No great rush. The inverter beeps and cuts out within a few minutes of a power cut, and the batteries feel hot afterwards. Load shedding is back and we are without light most evenings. This is a commercial premises so work would have to be after closing. The distribution board is inside the stairwell cupboard. Property is in Sitapaila, Kathmandu. An electrician looked at it last year and said the load was too high. Wiring is concealed in conduit so I do not know how it is routed. Need the batteries tested and the inverter wiring checked, replaced if the bank is finished.",PENDING,true,"[{""tags"":[""inverter-install"",""battery-bank-wiring""],""category"":""electrical"",""is_custom_category"":false}]",Suresh Basnet,+977 9817560098,regular,"[{""url"":""https://res.cloudinary.com/handyman-demo/image/upload/v1762212723/job_499849.jpg"",""type"":""image""}]","Krishna Mandir side, Ward 8, Sitapaila, Kathmandu, Bagmati Province, 44607, Nepal",27.694079,85.261233,SRID=4326;POINT(85.261233 27.694079),,2026-06-29 14:17:52.000000,2026-06-29 15:19:52.000000
55,1021,100,,garage floor coating,"Sometime this week is fine. The clinic floor is bare concrete that stains easily and cannot be cleaned to a hygienic standard, with a slight slope towards the door. We have an inspection for licensing coming up. There is a bathroom adjoining so a moisture barrier may be needed. Want a seamless coated floor that can be properly disinfected. I have a budget in mind so tell me if it is unrealistic.",PENDING,true,"[{""tags"":[""epoxy-floor-coating"",""self-levelling-screed""],""category"":""flooring"",""is_custom_category"":false}]",Laxmi Devkota,+977 9869937139,regular,[],"Balumari Marg, Ward 1, Tokha, बागमती प्रदेश, 44711, Nepal",27.757295,85.333733,SRID=4326;POINT(85.333733 27.757295),,2026-07-09 17:11:49.000000,2026-07-09 18:32:49.000000
56,1035,103,645,MCB keeps tripping,"Sometime this week is fine. The main breaker trips several times a day, usually when the water pump or iron is switched on, and the board makes a faint buzzing sound. Property is in Patan, Lalitpur. We are on a 15 amp single-phase connection from NEA. It is a rented flat and the landlord has agreed to the work. The fridge keeps losing power and food has spoiled twice. There is an inverter in the circuit as well, in case that matters. Need someone to find what is overloading the circuit and fix it properly, not just reset it. I would like a written quote first.",ASSIGNED,true,"[{""tags"":[""tripping-circuit-repair"",""fault-diagnosis""],""category"":""electrical"",""is_custom_category"":false}]",Ram Bahadur,+977 9816901933,regular,"[{""url"":""https://res.cloudinary.com/handyman-demo/image/upload/v1727552686/job_112012.jpg"",""type"":""image""}]","Sunrise Apartment, Ward 1, Patan, Lalitpur, Bagmati Province, 44674, Nepal Call before coming, the gate is usually locked.",27.688451,85.327065,SRID=4326;POINT(85.327065 27.688451),,2026-07-17 17:28:32.000000,2026-07-21 00:34:32.000000
57,1019,105,275,noise from neighbour,"Urgent. Noise from the neighbouring flat and the street comes straight through the shared wall, and my home studio recordings pick up a bad echo. I cannot record client work from home. The room is roughly 12 by 10 feet with a wooden floor. Want the wall soundproofed and the room acoustically treated. I would like a written quote first.",ASSIGNED,true,"[{""tags"":[""acoustic-panel-install"",""resilient-channel-isolation"",""impact-noise-treatment""],""category"":""soundproofing"",""is_custom_category"":true}]",Sita Sharma,+977 9812919098,express,"[{""url"":""https://res.cloudinary.com/handyman-demo/image/upload/v1744923925/job_913880.jpg"",""type"":""image""}]","Himalaya Height, Ward 11, Tokha, Bagmati Province, 44722, Nepal My mother is at home during the day, she does not speak much English.",27.76815,85.328644,SRID=4326;POINT(85.328644 27.76815),,2026-07-06 13:54:39.000000,2026-07-14 18:52:39.000000
58,1021,,333,shower area leaking,"Water from the upstairs bathroom is coming through the ceiling below, and some floor tiles in the shower area sound hollow when tapped. I would rather not have the whole floor pulled up if it can be avoided. It is a rented flat and the landlord has agreed to the work. The area is roughly 60 square feet. Need the bathroom floor redone with proper waterproofing underneath. I have a budget in mind so tell me if it is unrealistic.",ASSIGNED,true,"[{""tags"":[""wet-area-waterproofing"",""shower-tray-forming""],""category"":""tiling"",""is_custom_category"":false}]",Prakash Lama,+977 9862663980,regular,"[{""url"":""https://res.cloudinary.com/handyman-demo/image/upload/v1793817385/job_277636.jpg"",""type"":""image""}]","Krishna Mandir side, Ward 15, Jawalakhel, Lalitpur, Bagmati Province, 44624, Nepal I am abroad, please coordinate with the caretaker on this number.",27.67305,85.314671,SRID=4326;POINT(85.314671 27.67305),,2026-08-03 13:39:30.000000,2026-08-04 10:30:00.000000
59,1058,107,,security camera needed,"We want six cameras covering the gate, parking and stairwell, with recording and the ability to view from a phone while travelling. We want the recorder kept somewhere it cannot easily be taken. There have been thefts from the parking area twice. Parking for a vehicle is available right outside. Need cameras and a recorder installed and remote viewing set up securely.",PENDING,true,"[{""tags"":[""ip-cctv-install"",""nvr-configuration"",""remote-viewing-setup""],""category"":""security-systems"",""is_custom_category"":false}]",Binod Chaudhary,+977 9752232678,regular,"[{""url"":""https://res.cloudinary.com/handyman-demo/image/upload/v1784403180/job_314450.jpg"",""type"":""image""},{""url"":""https://res.cloudinary.com/handyman-demo/image/upload/v1739349337/job_657274.jpg"",""type"":""image""}]","Sunrise Apartment, Ward 24, Gokarneshwor, बागमती प्रदेश, 44858, Nepal I am abroad, please coordinate with the caretaker on this number.",27.752268,85.392024,SRID=4326;POINT(85.392024 27.752268),,2026-07-18 09:12:28.000000,2026-07-18 09:58:28.000000
60,1058,109,,tiles came loose,"Urgent. Several large floor tiles in the hallway have cracked and a few have lifted at the corners where people walk most. We are on the top floor with no lift. The area is roughly 60 square feet. There is underfloor plumbing in that area so please be careful. Property is in Madhyapur Thimi. Want the loose and cracked tiles fixed or replaced to match. Please bring whatever materials are needed, I will pay for them.",PENDING,true,"[{""tags"":[""hollow-tile-repair"",""large-format-porcelain""],""category"":""tiling"",""is_custom_category"":false}]",Suresh Basnet,+977 9816810994,express,"[{""url"":""https://res.cloudinary.com/handyman-demo/image/upload/v1792543339/job_179874.jpg"",""type"":""image""}]","Buddha Chowk, Ward 24, Madhyapur Thimi, बागमती प्रदेश, 44632, Nepal",27.682062,85.405837,SRID=4326;POINT(85.405837 27.682062),,2026-07-14 21:41:11.000000,2026-07-14 22:05:11.000000
61,995,112,249,texture wall living room,"Need this done quickly. We want one living room wall done as a feature — either a texture finish or patterned wallpaper, we are not sure which. Property is in Satdobato, Lalitpur. Renovating before Dashain. Furniture can be moved into the next room but not out of the house. Looking for someone who can advise and then do the finish properly. Photos are attached.",ASSIGNED,true,"[{""tags"":[""texture-wall"",""wallpaper-hanging""],""category"":""painting"",""is_custom_category"":false}]",Pemba Sherpa,+977 9851695606,express,[],"Balumari Marg, Ward 10, Satdobato, Lalitpur, Bagmati Province, 44890, Nepal",27.661899,85.338737,SRID=4326;POINT(85.338737 27.661899),,2026-06-20 01:51:26.000000,2026-06-20 17:46:26.000000
62,991,115,,chimney smoke inside,"No great rush. Smoke blows back into the room when the fireplace is lit and there is a smell of soot upstairs even when it is not in use. It is a masonry chimney serving a wood-burning stove. There is another small job at the same property we could discuss together. We stopped using the fireplace entirely because of the smoke. Need the chimney swept, inspected and relined if it is leaking. Let me know when you could visit to look at it.",PENDING,true,"[{""tags"":[""chimney-sweeping"",""flue-relining"",""cowl-and-capping""],""category"":""chimney-flue"",""is_custom_category"":true}]",Pemba Sherpa,+977 9853811055,regular,"[{""url"":""https://res.cloudinary.com/handyman-demo/image/upload/v1703427027/job_554212.jpg"",""type"":""image""}]","Buddha Chowk, Ward 23, Sitapaila, Kathmandu, बागमती प्रदेश, 44665, Nepal Call before coming, the gate is usually locked.",27.714328,85.280783,SRID=4326;POINT(85.280783 27.714328),,2026-06-29 03:10:06.000000,2026-06-29 04:00:06.000000
63,995,117,,grill painting,"The window grilles and the main gate have rust bubbling through the old paint, worst at the bottom where water collects. We would like to keep the existing shade if it can be matched. The lane is narrow so a large vehicle will not reach the gate. Rust is starting to stain the wall below. Want the rust treated and everything repainted so it lasts. Happy to pay a visit charge for an inspection.",CANCELLED,true,"[{""tags"":[""anti-corrosive-metal-paint""],""category"":""painting"",""is_custom_category"":false}]",Hari Prasad,+977 9755351004,regular,"[{""url"":""https://res.cloudinary.com/handyman-demo/image/upload/v1763225574/job_544020.jpg"",""type"":""image""}]","Nirvana Garden, Ward 9, Imadol, Lalitpur, बागमती प्रदेश, 44645, Nepal My mother is at home during the day, she does not speak much English.",27.660037,85.33995,SRID=4326;POINT(85.33995 27.660037),,2026-06-27 19:01:17.000000,2026-07-04 10:30:17.000000
64,975,118,19,feature wall design,"We want one living room wall done as a feature — either a texture finish or patterned wallpaper, we are not sure which. There is old wallpaper on one wall that would have to come off first. Furniture can be moved into the next room but not out of the house. Someone is at home all day so timing is flexible. Renovating before Dashain. Looking for someone who can advise and then do the finish properly.",ASSIGNED,true,"[{""tags"":[""texture-wall"",""wallpaper-hanging""],""category"":""painting"",""is_custom_category"":false}]",Manisha Gurung,+977 9825299671,regular,[],"Annapurna Complex, Ward 16, Madhyapur Thimi, Bagmati Province, 44605, Nepal Call before coming, the gate is usually locked.",27.674395,85.369486,SRID=4326;POINT(85.369486 27.674395),,2026-07-05 15:07:58.000000,2026-07-08 04:07:58.000000
65,1057,119,195,Leaking toilet,"Urgent. The toilet cistern keeps running long after flushing and there is water seeping from the base onto the bathroom floor. The shut-off valve is in the parking area if you need it. Property is in Patan, Lalitpur. The pipework is the old galvanised type, not PVC. The floor is wet all day and it is the only toilet in the flat. Need someone to stop the leak and replace the flush mechanism if it is worn out. Please bring whatever materials are needed, I will pay for them.",ASSIGNED,true,"[{""tags"":[""toilet-and-cistern"",""leak-detection""],""category"":""plumbing"",""is_custom_category"":false}]",Client1,+977 9823161945,express,"[{""url"":""https://res.cloudinary.com/handyman-demo/image/upload/v1744593492/job_500668.jpg"",""type"":""image""},{""url"":""https://res.cloudinary.com/handyman-demo/image/upload/v1788099701/job_334185.mp4"",""type"":""video""}]","Pragya Sadan, Ward 27, Patan, Lalitpur, Bagmati Province, 44714, Nepal My mother is at home during the day, she does not speak much English.",27.670931,85.32831,SRID=4326;POINT(85.32831 27.670931),,2026-06-12 16:36:50.000000,2026-06-17 07:24:50.000000
66,1057,120,,shower area leaking,"Sometime this week is fine. Water from the upstairs bathroom is coming through the ceiling below, and some floor tiles in the shower area sound hollow when tapped. The original tiling was done four years ago by the builder. Need the bathroom floor redone with proper waterproofing underneath.",PENDING,true,"[{""tags"":[""wet-area-waterproofing"",""shower-tray-forming""],""category"":""tiling"",""is_custom_category"":false}]",Sarita KC,+977 9855051046,regular,"[{""url"":""https://res.cloudinary.com/handyman-demo/image/upload/v1723743352/job_173472.jpg"",""type"":""image""},{""url"":""https://res.cloudinary.com/handyman-demo/image/upload/v1747717990/job_229837.jpg"",""type"":""image""}]","Sunrise Apartment, Ward 16, Sitapaila, Kathmandu, Bagmati Province, 44790, Nepal",27.707982,85.268536,SRID=4326;POINT(85.268536 27.707982),,2026-07-22 00:27:43.000000,2026-07-22 01:01:43.000000
67,1054,123,888,AC fitting,"Two new split ACs need installing, one on the first floor and one on the second, with the outdoor units on the rear terrace. Units are bought and sitting in boxes. The unit is a 1.5 ton split, about four years old, out of warranty. Property is in Thamel, Kathmandu. Want them installed with proper piping, vacuum and drainage. Happy to pay a visit charge for an inspection.",COMPLETED,true,"[{""tags"":[""split-ac-install""],""category"":""hvac"",""is_custom_category"":false}]",Nirmala Rai,+977 9818587139,regular,[],"Pragya Sadan, Ward 10, Thamel, Kathmandu, बागमती प्रदेश, 44866, Nepal Call before coming, the gate is usually locked.",27.714759,85.308651,SRID=4326;POINT(85.308651 27.714759),,2026-07-16 08:22:47.000000,2026-07-18 06:26:47.000000
68,1049,,,fuse box problem,"No great rush. The main breaker trips several times a day, usually when the water pump or iron is switched on, and the board makes a faint buzzing sound. The distribution board is inside the stairwell cupboard. The fridge keeps losing power and food has spoiled twice. Need someone to find what is overloading the circuit and fix it properly, not just reset it. Please bring whatever materials are needed, I will pay for them.",CANCELLED,true,"[{""tags"":[""tripping-circuit-repair"",""fault-diagnosis""],""category"":""electrical"",""is_custom_category"":false}]",Anjali Joshi,+977 9816541253,regular,"[{""url"":""https://res.cloudinary.com/handyman-demo/image/upload/v1740980407/job_926866.jpg"",""type"":""image""},{""url"":""https://res.cloudinary.com/handyman-demo/image/upload/v1746656975/job_209103.jpg"",""type"":""image""}]","hotel Rupakot, Ward 21, Madhyapur Thimi, बागमती प्रदेश, 44797, Nepal Best to come after 5pm when someone is home.",27.676529,85.404059,SRID=4326;POINT(85.404059 27.676529),,2026-07-20 10:00:05.000000,2026-07-22 02:44:05.000000
69,990,125,,hard water problem,"Urgent. The tap water leaves white scale on everything, tastes metallic, and stains the bathroom fittings brown. The lane is narrow so a large vehicle will not reach the gate. Property is in Godawari, Lalitpur. There is space for a plant beside the underground tank. We are buying jar water for drinking which is expensive. Want the water tested and a treatment system installed for the whole house. Please bring whatever materials are needed, I will pay for them.",PENDING,true,"[{""tags"":[""ro-plant-install"",""water-softener"",""iron-removal-filter""],""category"":""water-treatment"",""is_custom_category"":false}]",Client1,+977 9755450511,express,"[{""url"":""https://res.cloudinary.com/handyman-demo/image/upload/v1710831835/job_161678.mp4"",""type"":""video""},{""url"":""https://res.cloudinary.com/handyman-demo/image/upload/v1707988128/job_293133.jpg"",""type"":""image""},{""url"":""https://res.cloudinary.com/handyman-demo/image/upload/v1747833577/job_964087.jpg"",""type"":""image""}]","hotel Rupakot, Ward 26, Godawari, Lalitpur, Bagmati Province, 44811, Nepal Best to come after 5pm when someone is home.",27.598438,85.369462,SRID=4326;POINT(85.369462 27.598438),,2026-06-06 21:54:58.000000,2026-06-06 22:43:58.000000
70,1050,128,957,railing paint,"Need this done quickly. The window grilles and the main gate have rust bubbling through the old paint, worst at the bottom where water collects. We would like to keep the existing shade if it can be matched. Rust is starting to stain the wall below. Furniture can be moved into the next room but not out of the house. Want the rust treated and everything repainted so it lasts. Please bring whatever materials are needed, I will pay for them.",ASSIGNED,true,"[{""tags"":[""anti-corrosive-metal-paint""],""category"":""painting"",""is_custom_category"":false}]",Anjali Joshi,+977 9859450901,express,"[{""url"":""https://res.cloudinary.com/handyman-demo/image/upload/v1750540131/job_440842.mp4"",""type"":""video""},{""url"":""https://res.cloudinary.com/handyman-demo/image/upload/v1741975693/job_376055.jpg"",""type"":""image""}]","SASA Health Care, Ward 24, Kalanki, Kathmandu, Bagmati Province, 44671, Nepal My mother is at home during the day, she does not speak much English.",27.70096,85.280435,SRID=4326;POINT(85.280435 27.70096),,2026-07-15 14:47:03.000000,2026-07-19 05:07:03.000000
71,1028,130,,marble floor dull,"No great rush. The marble floor in the living and dining area has lost its shine, has visible scratches, and one slab sits slightly higher than its neighbour. There is underfloor plumbing in that area so please be careful. It was expensive and now looks worse than cheap tile. Need it ground level and polished back. Photos are attached.",PENDING,true,"[{""tags"":[""marble-laying"",""stone-polishing""],""category"":""tiling"",""is_custom_category"":false}]",Binod Chaudhary,+977 9805999103,regular,"[{""url"":""https://res.cloudinary.com/handyman-demo/image/upload/v1706802267/job_560908.jpg"",""type"":""image""},{""url"":""https://res.cloudinary.com/handyman-demo/image/upload/v1792298077/job_586944.jpg"",""type"":""image""},{""url"":""https://res.cloudinary.com/handyman-demo/image/upload/v1744734494/job_578174.jpg"",""type"":""image""}]","Newa Decor, Ward 30, Budhanilkantha, Kathmandu, Bagmati Province, 44736, Nepal Please call my tenant on the number given, he is at the property.",27.763124,85.379888,SRID=4326;POINT(85.379888 27.763124),,2026-08-02 11:44:07.000000,2026-08-02 11:55:07.000000
72,991,132,,refrigerator problem,"Urgent. The fridge compartment is not cooling although the freezer works, and there is a thick block of ice at the back of the freezer. Property is in Baneshwor, Kathmandu. It is a Samsung unit, roughly five years old, warranty finished. There is a power fluctuation problem in this area which may have damaged it. A technician came once and said a part had to be ordered, then never returned. The house is locked during office hours on weekdays. Vegetables and milk are spoiling every other day. Need the cooling and defrost system checked.",CANCELLED,true,"[{""tags"":[""fridge-gas-refill"",""defrost-system-repair""],""category"":""appliance-repair"",""is_custom_category"":false}]",Hari Prasad,+977 9805060580,express,"[{""url"":""https://res.cloudinary.com/handyman-demo/image/upload/v1783409236/job_980672.mp4"",""type"":""video""}]","Annapurna Complex, Ward 17, Baneshwor, Kathmandu, Bagmati Province, 44854, Nepal Call before coming, the gate is usually locked.",27.694519,85.352721,SRID=4326;POINT(85.352721 27.694519),,2026-07-12 13:36:05.000000,2026-07-20 10:30:05.000000
73,1053,133,951,septic overflow,"As soon as possible please. The septic tank is overflowing at the inspection cover and the soakpit no longer drains, so waste water is surfacing in the back yard. The smell is unbearable and it is right beside the kitchen window. The soakpit is right beside the boundary wall so space is limited. Six people live in the house full time. The tank is roughly 8 by 5 feet, brick built, about fifteen years old. Need the tank emptied and the soakpit rebuilt if it has silted up. Happy to pay a visit charge for an inspection.",COMPLETED,true,"[{""tags"":[""septic-tank-desludging"",""soakpit-construction"",""drain-field-repair""],""category"":""septic-soakpit"",""is_custom_category"":true}]",Client1,+977 9751972310,express,"[{""url"":""https://res.cloudinary.com/handyman-demo/image/upload/v1783274966/job_237217.jpg"",""type"":""image""}]","Himalaya Height, Ward 7, Koteshwor, Kathmandu, Bagmati Province, 44872, Nepal My mother is at home during the day, she does not speak much English.",27.681257,85.356256,SRID=4326;POINT(85.356256 27.681257),,2026-07-25 17:26:10.000000,2026-08-04 09:02:10.000000
74,1012,134,703,tile replacement,"Several large floor tiles in the hallway have cracked and a few have lifted at the corners where people walk most. The tiles are 2 by 2 feet vitrified, and I have about ten spares left over. Property is in Dhapasi, Kathmandu. I would rather not have the whole floor pulled up if it can be avoided. Someone has already tripped on the raised edge. Want the loose and cracked tiles fixed or replaced to match.",COMPLETED,true,"[{""tags"":[""hollow-tile-repair"",""large-format-porcelain""],""category"":""tiling"",""is_custom_category"":false}]",Deepak Shrestha,+977 9852796090,regular,"[{""url"":""https://res.cloudinary.com/handyman-demo/image/upload/v1724608757/job_796410.jpg"",""type"":""image""}]","Sunrise Apartment, Ward 18, Dhapasi, Kathmandu, बागमती प्रदेश, 44630, Nepal",27.738935,85.314696,SRID=4326;POINT(85.314696 27.738935),,2026-07-21 23:14:40.000000,2026-07-28 15:42:40.000000
75,1031,,,need event help,"Urgent. We need help organising a 150-guest engagement function including decoration, seating and catering coordination. Parking for a vehicle is available right outside. The date is fixed and nothing is arranged yet. Looking for an event coordinator, not a repair service.",PENDING,false,[],Kiran Adhikari,+977 9753204532,express,"[{""url"":""https://res.cloudinary.com/handyman-demo/image/upload/v1727594750/job_258110.jpg"",""type"":""image""},{""url"":""https://res.cloudinary.com/handyman-demo/image/upload/v1730021572/job_373626.jpg"",""type"":""image""}]","Buddha Chowk, Ward 22, Koteshwor, Kathmandu, Bagmati Province, 44631, Nepal Call before coming, the gate is usually locked.",27.669153,85.350167,SRID=4326;POINT(85.350167 27.669153),,2026-07-26 17:22:31.000000,2026-07-26 18:29:31.000000
76,1053,136,,uPVC windows,"Need this today if possible. The old aluminium windows facing the main road rattle, leak during rain, and traffic noise comes straight through. Someone is at home all day so timing is flexible. Impossible to sleep with the road noise. It is on the third floor facing the road, so lifting glass up will be awkward. Want them replaced with double glazed uPVC units. Photos are attached.",MATCHED,true,"[{""tags"":[""upvc-window-install"",""double-glazing""],""category"":""glazing"",""is_custom_category"":false}]",Sita Sharma,+977 9845040180,express,"[{""url"":""https://res.cloudinary.com/handyman-demo/image/upload/v1785086507/job_508765.mp4"",""type"":""video""}]","hotel Rupakot, Ward 14, Godawari, Lalitpur, बागमती प्रदेश, 44808, Nepal",27.586992,85.369861,SRID=4326;POINT(85.369861 27.586992),,2026-07-17 23:39:42.000000,2026-07-27 11:37:42.000000
77,1007,139,,wallpaper fitting,"Need this done quickly. We want one living room wall done as a feature — either a texture finish or patterned wallpaper, we are not sure which. Someone is at home all day so timing is flexible. Renovating before Dashain. Furniture can be moved into the next room but not out of the house. Looking for someone who can advise and then do the finish properly. Happy to pay a visit charge for an inspection.",CANCELLED,true,"[{""tags"":[""texture-wall"",""wallpaper-hanging""],""category"":""painting"",""is_custom_category"":false}]",Suresh Basnet,+977 9819634427,express,[],"Shanti Bhawan, Ward 30, Dhapasi, Kathmandu, बागमती प्रदेश, 44789, Nepal",27.74496,85.31004,SRID=4326;POINT(85.31004 27.74496),,2026-06-14 05:18:57.000000,2026-06-22 17:35:57.000000
78,999,141,634,wall crack,"There is a diagonal crack above the door frame that has widened noticeably since the last tremor, and plaster is hollow and falling in patches nearby. The house is locked during office hours on weekdays. The building is load bearing brick, about twenty-five years old. I am worried about whether it is structural. Need it assessed and the plaster and crack repaired properly. Please give me a rough estimate before starting.",ASSIGNED,true,"[{""tags"":[""cement-plaster"",""concrete-repair""],""category"":""masonry"",""is_custom_category"":false}]",Pemba Sherpa,+977 9744628895,regular,[],"Nirvana Garden, Ward 13, Patan, Lalitpur, बागमती प्रदेश, 44658, Nepal Call before coming, the gate is usually locked.",27.666241,85.325246,SRID=4326;POINT(85.325246 27.666241),,2026-06-24 16:45:04.000000,2026-06-25 01:33:04.000000
79,1044,142,743,inverter not backing up,"As soon as possible please. The inverter beeps and cuts out within a few minutes of a power cut, and the batteries feel hot afterwards. Wiring is concealed in conduit so I do not know how it is routed. The distribution board is inside the stairwell cupboard. Load shedding is back and we are without light most evenings. Need the batteries tested and the inverter wiring checked, replaced if the bank is finished. Let me know when you could visit to look at it.",COMPLETED,true,"[{""tags"":[""inverter-install"",""battery-bank-wiring""],""category"":""electrical"",""is_custom_category"":false}]",Ram Bahadur,+977 9747806935,express,"[{""url"":""https://res.cloudinary.com/handyman-demo/image/upload/v1722790906/job_797938.jpg"",""type"":""image""}]","Gyan Jyoti School, Ward 22, Satdobato, Lalitpur, Bagmati Province, 44769, Nepal",27.647919,85.326207,SRID=4326;POINT(85.326207 27.647919),,2026-06-28 07:02:55.000000,2026-07-05 02:26:55.000000
80,1017,143,946,tin roof leaking,As soon as possible please. Two CGI sheets on the shed roof have corroded through and one has come loose and lifts in the wind. It is a flat RCC roof with a brick coba layer on top. Rain is getting into the store room and the noise is awful. Want the bad sheets replaced and the ridge properly sealed.,ASSIGNED,true,"[{""tags"":[""cgi-sheet-roofing"",""ridge-and-flashing""],""category"":""roofing"",""is_custom_category"":false}]",Pemba Sherpa,+977 9853684188,express,"[{""url"":""https://res.cloudinary.com/handyman-demo/image/upload/v1717068196/job_317137.jpg"",""type"":""image""},{""url"":""https://res.cloudinary.com/handyman-demo/image/upload/v1790946529/job_338041.jpg"",""type"":""image""}]","Himalaya Height, Ward 26, Kalanki, Kathmandu, बागमती प्रदेश, 44739, Nepal My mother is at home during the day, she does not speak much English.",27.68468,85.296928,SRID=4326;POINT(85.296928 27.68468),,2026-07-30 07:55:37.000000,2026-07-30 15:31:37.000000
81,985,145,,staircase fabrication,"We need a steel staircase from the second floor to the roof terrace, currently reached only by a wooden ladder. Someone is at home all day so timing is flexible. I want it primed and painted black to match the rest. The ladder is dangerous for my parents. Want a proper steel staircase designed, fabricated and installed. Let me know when you could visit to look at it.",CANCELLED,true,"[{""tags"":[""staircase-fabrication"",""structural-steel""],""category"":""welding"",""is_custom_category"":false}]",Suresh Basnet,+977 9854793241,regular,[],"City Centre back gate, Ward 6, Koteshwor, Kathmandu, Bagmati Province, 44804, Nepal Call before coming, the gate is usually locked.",27.68044,85.341352,SRID=4326;POINT(85.341352 27.68044),,2026-07-05 21:08:40.000000,2026-07-06 06:27:40.000000
82,1023,,246,heritage wall repair,"Our old family house has traditional brick walls where the joints are crumbling and someone previously patched them with grey cement which is now trapping damp inside. Access for a mixer is tight, the lane is barely wide enough for a bike. Someone is at home all day so timing is flexible. The building is load bearing brick, about twenty-five years old. I can arrange sand and cement locally if that is cheaper. The inside walls are damp and the plaster keeps blowing. Need the wrong pointing removed and redone in a mortar that lets the wall breathe.",ASSIGNED,true,"[{""tags"":[""lime-mortar-repointing"",""heritage-restoration""],""category"":""masonry"",""is_custom_category"":false}]",Kiran Adhikari,+977 9866308310,regular,"[{""url"":""https://res.cloudinary.com/handyman-demo/image/upload/v1727755356/job_953157.jpg"",""type"":""image""}]","SASA Health Care, Ward 6, Madhyapur Thimi, Bagmati Province, 44693, Nepal My mother is at home during the day, she does not speak much English.",27.661349,85.371764,SRID=4326;POINT(85.371764 27.661349),,2026-07-19 10:11:42.000000,2026-07-28 15:18:42.000000
83,1008,146,,shifting house,"Urgent. Standard two-bedroom flat move within Lalitpur, including packing, a fridge and a washing machine. This is a commercial premises so work would have to be after closing. Lease ends this month. Want a moving team with a vehicle and packing material. Please give me a rough estimate before starting.",PENDING,false,[],Ram Bahadur,+977 9857714289,express,[],"Nirvana Garden, Ward 32, Jawalakhel, Lalitpur, बागमती प्रदेश, 44696, Nepal Call before coming, the gate is usually locked.",27.677338,85.309417,SRID=4326;POINT(85.309417 27.677338),,2026-06-23 14:50:31.000000,2026-06-23 14:51:31.000000
84,1016,148,,garden maintenance,"No great rush. The garden has been neglected for a year; grass is knee high, hedges are wild and several plants have died. There is a water tap in the garden but no existing irrigation. Snakes have been seen in the long grass. Want it cleared, cut back and replanted, then maintained monthly.",MATCHED,true,"[{""tags"":[""garden-maintenance"",""seasonal-planting""],""category"":""landscaping"",""is_custom_category"":false}]",Ram Bahadur,+977 9824141500,regular,"[{""url"":""https://res.cloudinary.com/handyman-demo/image/upload/v1743847681/job_254277.jpg"",""type"":""image""}]","SASA Health Care, Ward 14, Kirtipur, बागमती प्रदेश, 44873, Nepal I am abroad, please coordinate with the caretaker on this number.",27.682309,85.280966,SRID=4326;POINT(85.280966 27.682309),,2026-06-20 06:10:31.000000,2026-06-27 03:21:31.000000
85,1008,151,,cement stains everywhere,"Would like this sorted this week. Construction just finished and there is cement haze on all the tiles, paint spots on the glass and fine dust over every surface. Cannot hand the flat over to tenants like this. Water supply is available but you would need to bring your own equipment. We would like this done on a Saturday if possible. Need a builders clean including the windows and floors.",PENDING,true,"[{""tags"":[""post-construction-cleanup"",""grout-and-stain-removal""],""category"":""cleaning"",""is_custom_category"":false}]",Hari Prasad,+977 9861576051,express,"[{""url"":""https://res.cloudinary.com/handyman-demo/image/upload/v1702337352/job_942318.jpg"",""type"":""image""},{""url"":""https://res.cloudinary.com/handyman-demo/image/upload/v1750293223/job_918029.jpg"",""type"":""image""}]","Pragya Sadan, Ward 28, Godawari, Lalitpur, बागमती प्रदेश, 44703, Nepal",27.574349,85.380189,SRID=4326;POINT(85.380189 27.574349),,2026-07-16 18:44:16.000000,2026-07-16 19:30:16.000000
86,980,153,,roof sheet loose,"Two CGI sheets on the shed roof have corroded through and one has come loose and lifts in the wind. Rain is getting into the store room and the noise is awful. The problem only shows during heavy rain, not light drizzle. Want the bad sheets replaced and the ridge properly sealed.",PENDING,true,"[{""tags"":[""cgi-sheet-roofing"",""ridge-and-flashing""],""category"":""roofing"",""is_custom_category"":false}]",Binod Chaudhary,+977 9813476917,regular,[],"Buddha Chowk, Ward 13, Bhaktapur Durbar Square Area, Bagmati Province, 44654, Nepal",27.669135,85.42008,SRID=4326;POINT(85.42008 27.669135),,2026-06-29 19:33:54.000000,2026-06-29 21:02:54.000000
87,985,156,329,stone floor scratched,"Urgent. The marble floor in the living and dining area has lost its shine, has visible scratches, and one slab sits slightly higher than its neighbour. I would rather not have the whole floor pulled up if it can be avoided. There is underfloor plumbing in that area so please be careful. Property is in Dhapasi, Kathmandu. It was expensive and now looks worse than cheap tile. The original tiling was done four years ago by the builder. Need it ground level and polished back. Photos are attached.",COMPLETED,true,"[{""tags"":[""marble-laying"",""stone-polishing""],""category"":""tiling"",""is_custom_category"":false}]",Hari Prasad,+977 9747354362,express,[],"Balumari Marg, Ward 26, Dhapasi, Kathmandu, बागमती प्रदेश, 44831, Nepal",27.74831,85.315997,SRID=4326;POINT(85.315997 27.74831),,2026-07-22 17:29:49.000000,2026-07-24 17:23:49.000000
88,986,159,,bike servicing,"The car makes a grinding noise when braking and pulls to the left. I do not feel safe driving the children in it. Parking for a vehicle is available right outside. Need a mechanic, ideally one who can come to the house. Let me know when you could visit to look at it.",PENDING,false,[],Hari Prasad,+977 9801586055,regular,"[{""url"":""https://res.cloudinary.com/handyman-demo/image/upload/v1746840658/job_622007.mp4"",""type"":""video""}]","Shanti Bhawan, Ward 24, Madhyapur Thimi, बागमती प्रदेश, 44769, Nepal I am abroad, please coordinate with the caretaker on this number.",27.690294,85.387783,SRID=4326;POINT(85.387783 27.690294),,2026-07-10 02:25:14.000000,2026-07-10 02:59:14.000000
89,979,162,,epoxy floor workshop,"The clinic floor is bare concrete that stains easily and cannot be cleaned to a hygienic standard, with a slight slope towards the door. There is a bathroom adjoining so a moisture barrier may be needed. We have an inspection for licensing coming up. Property is in Kalanki, Kathmandu. We are on the top floor with no lift. Want a seamless coated floor that can be properly disinfected. I have a budget in mind so tell me if it is unrealistic.",CANCELLED,true,"[{""tags"":[""epoxy-floor-coating"",""self-levelling-screed""],""category"":""flooring"",""is_custom_category"":false}]",Kiran Adhikari,+977 9742121203,regular,[],"Newa Decor, Ward 21, Kalanki, Kathmandu, बागमती प्रदेश, 44800, Nepal",27.696322,85.265507,SRID=4326;POINT(85.265507 27.696322),,2026-06-26 02:07:15.000000,2026-06-27 19:54:15.000000
90,1007,,,curtain rod fixing,Need this done quickly. We need curtain tracks and blinds fitted in five rooms; the previous rods pulled straight out of the plasterboard wall. We can buy the fabric ourselves if you only do the fitting. Walls are drywall in three of the rooms and brick in the others. Property is in Gokarneshwor. Want tracks fixed properly this time and blinds cut to fit the windows. Happy to pay a visit charge for an inspection.,PENDING,true,"[{""tags"":[""curtain-track-fitting"",""roller-and-venetian-blinds"",""motorised-shading""],""category"":""curtains-blinds"",""is_custom_category"":true}]",Binod Chaudhary,+977 9756257545,express,"[{""url"":""https://res.cloudinary.com/handyman-demo/image/upload/v1742049898/job_407134.jpg"",""type"":""image""}]","Sunrise Apartment, Ward 3, Gokarneshwor, Bagmati Province, 44839, Nepal",27.764349,85.388971,SRID=4326;POINT(85.388971 27.764349),,2026-07-05 12:55:14.000000,2026-07-05 14:03:14.000000
91,979,165,585,almari door not closing,No great rush. The sliding wardrobe door has come off its bottom track and two of the soft-close hinges on the side cabinet are hanging loose. This is a commercial premises so work would have to be after closing. Room measurements are roughly 11 by 13 feet. I would prefer a matte finish rather than high gloss. Fix the track and replace the broken hinges.,COMPLETED,true,"[{""tags"":[""sliding-wardrobe"",""soft-close-hardware""],""category"":""carpentry"",""is_custom_category"":false}]",Deepak Shrestha,+977 9849182426,regular,[],"Newa Decor, Ward 16, Sitapaila, Kathmandu, Bagmati Province, 44817, Nepal Please call my tenant on the number given, he is at the property.",27.71791,85.268818,SRID=4326;POINT(85.268818 27.71791),,2026-07-22 02:26:15.000000,2026-07-29 19:24:15.000000
92,990,166,123,studio acoustic treatment,"Noise from the neighbouring flat and the street comes straight through the shared wall, and my home studio recordings pick up a bad echo. The room is roughly 12 by 10 feet with a wooden floor. We are renting, so nothing that permanently damages the structure. Property is in Gokarneshwor. Want the wall soundproofed and the room acoustically treated. Happy to pay a visit charge for an inspection.",ASSIGNED,true,"[{""tags"":[""acoustic-panel-install"",""resilient-channel-isolation"",""impact-noise-treatment""],""category"":""soundproofing"",""is_custom_category"":true}]",Sita Sharma,+977 9856830977,regular,[],"hotel Rupakot, Ward 10, Gokarneshwor, Bagmati Province, 44837, Nepal Please call my tenant on the number given, he is at the property.",27.750668,85.392374,SRID=4326;POINT(85.392374 27.750668),,2026-06-20 23:07:47.000000,2026-06-22 00:07:47.000000
93,1028,168,281,garden maintenance,"Would like this sorted this week. The garden has been neglected for a year; grass is knee high, hedges are wild and several plants have died. Snakes have been seen in the long grass. The garden is roughly 1800 square feet on two levels. Parking for a vehicle is available right outside. There is a water tap in the garden but no existing irrigation. Want it cleared, cut back and replanted, then maintained monthly. Photos are attached.",COMPLETED,true,"[{""tags"":[""garden-maintenance"",""seasonal-planting""],""category"":""landscaping"",""is_custom_category"":false}]",Sita Sharma,+977 9865706680,express,"[{""url"":""https://res.cloudinary.com/handyman-demo/image/upload/v1716709891/job_398926.jpg"",""type"":""image""},{""url"":""https://res.cloudinary.com/handyman-demo/image/upload/v1745370792/job_378696.jpg"",""type"":""image""},{""url"":""https://res.cloudinary.com/handyman-demo/image/upload/v1773335686/job_553222.jpg"",""type"":""image""}]","Shanti Bhawan, Ward 31, Patan, Lalitpur, बागमती प्रदेश, 44717, Nepal I am abroad, please coordinate with the caretaker on this number.",27.687972,85.31219,SRID=4326;POINT(85.31219 27.687972),,2026-07-05 11:21:22.000000,2026-07-11 00:56:22.000000
94,999,170,,divide room,"Would like this sorted this week. We need to split one large bedroom into two smaller rooms with a partition, including a door and a socket on each side. We want gypsum rather than POP, for the finish. The existing ceiling has exposed beams that we would like hidden. Two children now need separate rooms. Want a partition built, finished and ready for paint. I would like a written quote first.",MATCHED,true,"[{""tags"":[""drywall-partition"",""gypsum-false-ceiling""],""category"":""interior-finishing"",""is_custom_category"":false}]",Manisha Gurung,+977 9825188725,express,"[{""url"":""https://res.cloudinary.com/handyman-demo/image/upload/v1700891390/job_415632.jpg"",""type"":""image""}]","City Centre back gate, Ward 19, Satdobato, Lalitpur, Bagmati Province, 44851, Nepal Best to come after 5pm when someone is home.",27.644138,85.315162,SRID=4326;POINT(85.315162 27.644138),,2026-07-09 21:15:15.000000,2026-07-19 06:46:15.000000
95,1025,172,,party organiser needed,"Would like this sorted this week. We need help organising a 150-guest engagement function including decoration, seating and catering coordination. Parking for a vehicle is available right outside. The date is fixed and nothing is arranged yet. Looking for an event coordinator, not a repair service.",PENDING,false,[],Rajesh Karki,+977 9802235407,express,"[{""url"":""https://res.cloudinary.com/handyman-demo/image/upload/v1726145701/job_642927.jpg"",""type"":""image""}]","Sunrise Apartment, Ward 15, Thamel, Kathmandu, Bagmati Province, 44885, Nepal",27.713089,85.315502,SRID=4326;POINT(85.315502 27.713089),,2026-08-02 23:27:01.000000,2026-08-03 00:02:01.000000
96,991,173,,studio acoustic treatment,"Noise from the neighbouring flat and the street comes straight through the shared wall, and my home studio recordings pick up a bad echo. The shared wall is a single brick partition, about 5 inches. We are on the top floor with no lift. I cannot record client work from home. There is a window facing the road that is probably the weakest point. Want the wall soundproofed and the room acoustically treated.",CANCELLED,true,"[{""tags"":[""acoustic-panel-install"",""resilient-channel-isolation"",""impact-noise-treatment""],""category"":""soundproofing"",""is_custom_category"":true}]",Client1,+977 9808092041,regular,"[{""url"":""https://res.cloudinary.com/handyman-demo/image/upload/v1748280345/job_128588.jpg"",""type"":""image""},{""url"":""https://res.cloudinary.com/handyman-demo/image/upload/v1708954491/job_336723.jpg"",""type"":""image""}]","Himalaya Height, Ward 18, Kirtipur, Bagmati Province, 44697, Nepal My mother is at home during the day, she does not speak much English.",27.683654,85.287171,SRID=4326;POINT(85.287171 27.683654),,2026-06-25 14:58:58.000000,2026-07-02 18:24:58.000000
97,1056,174,,wardrobe door broken,Urgent. The sliding wardrobe door has come off its bottom track and two of the soft-close hinges on the side cabinet are hanging loose. I would prefer a matte finish rather than high gloss. Someone is at home all day so timing is flexible. The door cannot be closed and clothes are getting dusty. Fix the track and replace the broken hinges. Photos are attached.,MATCHED,true,"[{""tags"":[""sliding-wardrobe"",""soft-close-hardware""],""category"":""carpentry"",""is_custom_category"":false}]",Sarita KC,+977 9819446157,express,"[{""url"":""https://res.cloudinary.com/handyman-demo/image/upload/v1754046251/job_894879.jpg"",""type"":""image""},{""url"":""https://res.cloudinary.com/handyman-demo/image/upload/v1766891319/job_185978.mp4"",""type"":""video""}]","Nirvana Garden, Ward 16, Budhanilkantha, Kathmandu, बागमती प्रदेश, 44699, Nepal Best to come after 5pm when someone is home.",27.774016,85.353769,SRID=4326;POINT(85.353769 27.774016),,2026-06-22 22:02:00.000000,2026-06-28 03:18:00.000000
98,1049,175,,bathroom tiles,"Water from the upstairs bathroom is coming through the ceiling below, and some floor tiles in the shower area sound hollow when tapped. I would rather not have the whole floor pulled up if it can be avoided. The area is roughly 60 square feet. Need the bathroom floor redone with proper waterproofing underneath. Photos are attached.",PENDING,true,"[{""tags"":[""wet-area-waterproofing"",""shower-tray-forming""],""category"":""tiling"",""is_custom_category"":false}]",Sunita Maharjan,+977 9805142398,regular,"[{""url"":""https://res.cloudinary.com/handyman-demo/image/upload/v1767886475/job_632769.jpg"",""type"":""image""},{""url"":""https://res.cloudinary.com/handyman-demo/image/upload/v1730916424/job_313658.jpg"",""type"":""image""},{""url"":""https://res.cloudinary.com/handyman-demo/image/upload/v1784750200/job_857868.jpg"",""type"":""image""}]","Milan Tole, Ward 1, Imadol, Lalitpur, Bagmati Province, 44809, Nepal Please call my tenant on the number given, he is at the property.",27.666055,85.348054,SRID=4326;POINT(85.348054 27.666055),,2026-07-29 20:51:58.000000,2026-07-29 20:51:58.000000
99,999,176,197,curtain fitting,"As soon as possible please. We need curtain tracks and blinds fitted in five rooms; the previous rods pulled straight out of the plasterboard wall. We are on the top floor with no lift. No privacy in the front-facing rooms. The windows vary in size, the largest is about 7 feet wide. We can buy the fabric ourselves if you only do the fitting. Want tracks fixed properly this time and blinds cut to fit the windows.",COMPLETED,true,"[{""tags"":[""curtain-track-fitting"",""roller-and-venetian-blinds"",""motorised-shading""],""category"":""curtains-blinds"",""is_custom_category"":true}]",Bikash Thapa,+977 9745967618,express,"[{""url"":""https://res.cloudinary.com/handyman-demo/image/upload/v1766052959/job_322501.mp4"",""type"":""video""}]","Buddha Chowk, Ward 11, Jawalakhel, Lalitpur, Bagmati Province, 44628, Nepal",27.677047,85.305761,SRID=4326;POINT(85.305761 27.677047),,2026-06-26 17:26:51.000000,2026-07-03 19:25:51.000000
100,982,177,,locked out,No great rush. I have lost the only key to my flat and I am standing outside; the lock is a standard mortise type. The door itself is solid wood and I do not want it damaged. I can show ownership documents if you need them before opening it. There is a second lock on the same door that still works. Need someone to open it without breaking the door and fit a new lock. Please give me a rough estimate before starting.,CANCELLED,true,"[{""tags"":[""non-destructive-entry"",""24hr-emergency"",""lock-picking""],""category"":""locksmith"",""is_custom_category"":false}]",Deepak Shrestha,+977 9849086011,regular,"[{""url"":""https://res.cloudinary.com/handyman-demo/image/upload/v1747773489/job_815001.jpg"",""type"":""image""}]","Sunrise Apartment, Ward 15, Satdobato, Lalitpur, Bagmati Province, 44629, Nepal Please call my tenant on the number given, he is at the property.",27.66032,85.310071,SRID=4326;POINT(85.310071 27.66032),,2026-07-02 05:56:32.000000,2026-07-06 11:21:32.000000
101,988,180,,window grill needed,"Urgent. Need security grilles made and fitted to five ground floor windows, and a railing for the first floor balcony which currently has nothing. Parking for a vehicle is available right outside. There was a break-in attempt on the street last month. Property is in Kalanki, Kathmandu. The previous welding was done badly and has cracked at the same joint before. Want them measured, fabricated and installed painted. Please give me a rough estimate before starting.",CANCELLED,true,"[{""tags"":[""window-grille"",""ms-railing""],""category"":""welding"",""is_custom_category"":false}]",Laxmi Devkota,+977 9852885174,express,"[{""url"":""https://res.cloudinary.com/handyman-demo/image/upload/v1713464432/job_150019.jpg"",""type"":""image""},{""url"":""https://res.cloudinary.com/handyman-demo/image/upload/v1715971576/job_479001.jpg"",""type"":""image""},{""url"":""https://res.cloudinary.com/handyman-demo/image/upload/v1722200100/job_849005.jpg"",""type"":""image""}]","Himalaya Height, Ward 12, Kalanki, Kathmandu, बागमती प्रदेश, 44655, Nepal My mother is at home during the day, she does not speak much English.",27.68539,85.281536,SRID=4326;POINT(85.281536 27.68539),,2026-07-05 13:02:49.000000,2026-07-08 07:14:49.000000
102,980,182,369,blinds installation,As soon as possible please. We need curtain tracks and blinds fitted in five rooms; the previous rods pulled straight out of the plasterboard wall. We would like blackout fabric in the bedrooms. We can buy the fabric ourselves if you only do the fitting. One of the rooms has a curved bay window. Want tracks fixed properly this time and blinds cut to fit the windows. I have a budget in mind so tell me if it is unrealistic.,ASSIGNED,true,"[{""tags"":[""curtain-track-fitting"",""roller-and-venetian-blinds"",""motorised-shading""],""category"":""curtains-blinds"",""is_custom_category"":true}]",Kiran Adhikari,+977 9828851138,express,"[{""url"":""https://res.cloudinary.com/handyman-demo/image/upload/v1764518705/job_575352.jpg"",""type"":""image""}]","Shanti Bhawan, Ward 22, Bhaktapur Durbar Square Area, बागमती प्रदेश, 44806, Nepal Call before coming, the gate is usually locked.",27.691494,85.432666,SRID=4326;POINT(85.432666 27.691494),,2026-07-06 05:26:04.000000,2026-07-14 03:41:04.000000
103,996,185,827,house strengthening,"Our four-storey house was built before the current code with a very open ground floor for parking, and cracks appeared at the column tops after the last tremor. The house was built in 2062 BS without an engineer's drawing. Parking for a vehicle is available right outside. Two neighbouring houses are attached on either side. We would need a written engineer's report for the bank as well. Property is in Imadol, Lalitpur. Want the building assessed for seismic vulnerability and strengthened where needed. I have a budget in mind so tell me if it is unrealistic.",COMPLETED,true,"[{""tags"":[""seismic-vulnerability-survey"",""jacketing-and-confinement"",""wall-stitching""],""category"":""seismic-retrofit"",""is_custom_category"":true}]",Suresh Basnet,+977 9868393387,regular,[],"Pragya Sadan, Ward 16, Imadol, Lalitpur, Bagmati Province, 44655, Nepal Best to come after 5pm when someone is home.",27.670516,85.341627,SRID=4326;POINT(85.341627 27.670516),,2026-07-04 07:17:00.000000,2026-07-08 23:54:00.000000
104,1026,186,,POP ceiling work,"We want a gypsum false ceiling in the living room with concealed lighting, and the existing ceiling has exposed conduit and an uneven surface. Doing up the flat before a family function. The existing ceiling has exposed beams that we would like hidden. The room is about 14 by 16 feet with a nine foot ceiling. Someone is at home all day so timing is flexible. Need it designed and installed with the electrician's lighting coordinated.",PENDING,true,"[{""tags"":[""gypsum-false-ceiling"",""pop-cornice""],""category"":""interior-finishing"",""is_custom_category"":false}]",Laxmi Devkota,+977 9822671510,regular,[],"hotel Rupakot, Ward 22, Thamel, Kathmandu, Bagmati Province, 44644, Nepal",27.718619,85.301395,SRID=4326;POINT(85.301395 27.718619),,2026-06-26 03:08:42.000000,2026-06-26 03:17:42.000000
105,1047,188,,curtain rod fixing,"Urgent. We need curtain tracks and blinds fitted in five rooms; the previous rods pulled straight out of the plasterboard wall. Walls are drywall in three of the rooms and brick in the others. No privacy in the front-facing rooms. Property is in Suryabinayak, Bhaktapur. Want tracks fixed properly this time and blinds cut to fit the windows. Please bring whatever materials are needed, I will pay for them.",CANCELLED,true,"[{""tags"":[""curtain-track-fitting"",""roller-and-venetian-blinds"",""motorised-shading""],""category"":""curtains-blinds"",""is_custom_category"":true}]",Sarita KC,+977 9849997274,express,"[{""url"":""https://res.cloudinary.com/handyman-demo/image/upload/v1768442124/job_900365.jpg"",""type"":""image""}]","pure land tower, Ward 31, Suryabinayak, Bhaktapur, बागमती प्रदेश, 44889, Nepal",27.661974,85.431154,SRID=4326;POINT(85.431154 27.661974),,2026-06-23 10:42:34.000000,2026-07-02 15:13:34.000000
106,994,189,598,solar heater not heating,"Sometime this week is fine. The 1000-litre rooftop tank feeds a solar heater but the water never gets properly hot, and one of the pipes on the roof is dripping. The pipework is the old galvanised type, not PVC. Water supply here is from the municipal line plus an underground tank. Property is in Dhapasi, Kathmandu. A previous plumber patched this about six months ago and it has come back. We have been heating water on the stove for two weeks. Need the solar hot water system checked, the leak fixed and the mixing valve set correctly. Happy to pay a visit charge for an inspection.",COMPLETED,true,"[{""tags"":[""solar-water-heater-plumbing"",""thermostatic-mixing""],""category"":""plumbing"",""is_custom_category"":false}]",Gita Tamang,+977 9817428504,regular,[],"SASA Health Care, Ward 4, Dhapasi, Kathmandu, बागमती प्रदेश, 44835, Nepal",27.737922,85.325223,SRID=4326;POINT(85.325223 27.737922),,2026-06-22 08:38:56.000000,2026-06-29 13:29:56.000000
107,997,190,,tile joints stained,Urgent. The grout lines throughout the bathroom have gone black and crumbly and no amount of scrubbing helps. It looks unhygienic even after cleaning. The area is roughly 60 square feet. Want the old grout raked out and redone in something that resists staining.,PENDING,true,"[{""tags"":[""regrouting"",""epoxy-grouting""],""category"":""tiling"",""is_custom_category"":false}]",Rajesh Karki,+977 9858712731,express,"[{""url"":""https://res.cloudinary.com/handyman-demo/image/upload/v1742824596/job_172269.jpg"",""type"":""image""},{""url"":""https://res.cloudinary.com/handyman-demo/image/upload/v1776233768/job_433264.jpg"",""type"":""image""},{""url"":""https://res.cloudinary.com/handyman-demo/image/upload/v1768298046/job_412575.jpg"",""type"":""image""}]","Milan Tole, Ward 23, Kirtipur, Bagmati Province, 44865, Nepal",27.679196,85.278637,SRID=4326;POINT(85.278637 27.679196),,2026-07-25 06:53:52.000000,2026-07-25 07:22:52.000000
108,991,,568,Leaking toilet,Need this today if possible. The toilet cistern keeps running long after flushing and there is water seeping from the base onto the bathroom floor. The floor is wet all day and it is the only toilet in the flat. The bathroom is on the second floor with tiled walls. Need someone to stop the leak and replace the flush mechanism if it is worn out. Photos are attached.,ASSIGNED,true,"[{""tags"":[""toilet-and-cistern"",""leak-detection""],""category"":""plumbing"",""is_custom_category"":false}]",Suresh Basnet,+977 9801971656,express,"[{""url"":""https://res.cloudinary.com/handyman-demo/image/upload/v1724047770/job_443224.mp4"",""type"":""video""}]","hotel Rupakot, Ward 16, Balaju, Kathmandu, Bagmati Province, 44774, Nepal Best to come after 5pm when someone is home.",27.736081,85.304222,SRID=4326;POINT(85.304222 27.736081),,2026-06-13 06:52:35.000000,2026-06-20 09:15:35.000000
109,986,192,,window glass replace,"As soon as possible please. A large window pane cracked across the middle and needs replacing, and we also want a full-length mirror fitted in the bedroom. It is on the third floor facing the road, so lifting glass up will be awkward. There is another small job at the same property we could discuss together. Need the glass measured, supplied and fitted safely. Please bring whatever materials are needed, I will pay for them.",PENDING,true,"[{""tags"":[""toughened-glass"",""mirror-fitting""],""category"":""glazing"",""is_custom_category"":false}]",Bikash Thapa,+977 9756966663,express,"[{""url"":""https://res.cloudinary.com/handyman-demo/image/upload/v1727135666/job_486279.jpg"",""type"":""image""},{""url"":""https://res.cloudinary.com/handyman-demo/image/upload/v1755441139/job_571223.jpg"",""type"":""image""}]","Gyan Jyoti School, Ward 8, Balaju, Kathmandu, बागमती प्रदेश, 44805, Nepal My mother is at home during the day, she does not speak much English.",27.718453,85.308985,SRID=4326;POINT(85.308985 27.718453),,2026-07-20 22:01:51.000000,2026-07-20 22:01:51.000000
110,1045,195,,gate repair,"Need this done quickly. The steel main gate has sagged so it drags on the ground and will not latch, and one hinge weld has cracked right through. The gate cannot be locked and it screeches loudly. The previous welding was done badly and has cracked at the same joint before. The existing metal is mild steel square tube, about 25mm. Need the hinge rewelded and the gate straightened so it closes. I would like a written quote first.",MATCHED,true,"[{""tags"":[""gate-fabrication"",""mig-welding""],""category"":""welding"",""is_custom_category"":false}]",Bikash Thapa,+977 9757673090,express,[],"SASA Health Care, Ward 11, Budhanilkantha, Kathmandu, बागमती प्रदेश, 44654, Nepal I am abroad, please coordinate with the caretaker on this number.",27.778762,85.360098,SRID=4326;POINT(85.360098 27.778762),,2026-06-17 19:07:37.000000,2026-06-18 21:20:37.000000
111,1032,198,325,inverter beeping,"Need this today if possible. The inverter beeps and cuts out within a few minutes of a power cut, and the batteries feel hot afterwards. Load shedding is back and we are without light most evenings. We are on a 15 amp single-phase connection from NEA. Need the batteries tested and the inverter wiring checked, replaced if the bank is finished. I would like a written quote first.",COMPLETED,true,"[{""tags"":[""inverter-install"",""battery-bank-wiring""],""category"":""electrical"",""is_custom_category"":false}]",Suresh Basnet,+977 9741884235,express,"[{""url"":""https://res.cloudinary.com/handyman-demo/image/upload/v1786543320/job_454316.jpg"",""type"":""image""}]","Krishna Mandir side, Ward 6, Balaju, Kathmandu, Bagmati Province, 44862, Nepal",27.738157,85.28852,SRID=4326;POINT(85.28852 27.738157),,2026-06-27 05:27:32.000000,2026-07-02 03:35:32.000000
112,987,201,220,soak pit not draining,"No great rush. The septic tank is overflowing at the inspection cover and the soakpit no longer drains, so waste water is surfacing in the back yard. Six people live in the house full time. The soakpit is right beside the boundary wall so space is limited. Need the tank emptied and the soakpit rebuilt if it has silted up.",ASSIGNED,true,"[{""tags"":[""septic-tank-desludging"",""soakpit-construction"",""drain-field-repair""],""category"":""septic-soakpit"",""is_custom_category"":true}]",Deepak Shrestha,+977 9861323154,regular,[],"hotel Rupakot, Ward 31, Godawari, Lalitpur, Bagmati Province, 44623, Nepal",27.610565,85.383085,SRID=4326;POINT(85.383085 27.610565),,2026-06-08 09:19:43.000000,2026-06-12 01:33:43.000000
113,1043,,,noise from neighbour,"Noise from the neighbouring flat and the street comes straight through the shared wall, and my home studio recordings pick up a bad echo. The shared wall is a single brick partition, about 5 inches. Property is in Sitapaila, Kathmandu. The room is roughly 12 by 10 feet with a wooden floor. This is a commercial premises so work would have to be after closing. Want the wall soundproofed and the room acoustically treated. Photos are attached.",PENDING,true,"[{""tags"":[""acoustic-panel-install"",""resilient-channel-isolation"",""impact-noise-treatment""],""category"":""soundproofing"",""is_custom_category"":true}]",Binod Chaudhary,+977 9807537016,regular,[],"Krishna Mandir side, Ward 9, Sitapaila, Kathmandu, Bagmati Province, 44792, Nepal",27.717969,85.270363,SRID=4326;POINT(85.270363 27.717969),,2026-07-24 19:12:02.000000,2026-07-24 20:16:02.000000
114,1041,202,,soak pit not draining,"Urgent. The septic tank is overflowing at the inspection cover and the soakpit no longer drains, so waste water is surfacing in the back yard. The smell is unbearable and it is right beside the kitchen window. It was last emptied about four years ago. Six people live in the house full time. We are on the top floor with no lift. Need the tank emptied and the soakpit rebuilt if it has silted up. I would like a written quote first.",PENDING,true,"[{""tags"":[""septic-tank-desludging"",""soakpit-construction"",""drain-field-repair""],""category"":""septic-soakpit"",""is_custom_category"":true}]",Anup G,+977 9849594714,express,"[{""url"":""https://res.cloudinary.com/handyman-demo/image/upload/v1727716616/job_270325.mp4"",""type"":""video""}]","SASA Health Care, Ward 25, Gokarneshwor, Bagmati Province, 44738, Nepal",27.75569,85.37214,SRID=4326;POINT(85.37214 27.75569),,2026-06-12 00:49:34.000000,2026-06-12 01:37:34.000000
115,1040,205,,smart lock fitting,"Sometime this week is fine. We want to replace the main door lock with a fingerprint and PIN lock, and give separate access codes to family and the cleaner. Property is in Chabahil, Kathmandu. Too many keys in circulation after we changed tenants. There is a second lock on the same door that still works. Want a digital lock supplied and fitted with codes set up.",PENDING,true,"[{""tags"":[""digital-door-lock"",""biometric-lock""],""category"":""locksmith"",""is_custom_category"":false}]",Binod Chaudhary,+977 9853488806,regular,"[{""url"":""https://res.cloudinary.com/handyman-demo/image/upload/v1719075129/job_182180.jpg"",""type"":""image""},{""url"":""https://res.cloudinary.com/handyman-demo/image/upload/v1765651034/job_509151.jpg"",""type"":""image""},{""url"":""https://res.cloudinary.com/handyman-demo/image/upload/v1735033454/job_207380.jpg"",""type"":""image""}]","Shanti Bhawan, Ward 31, Chabahil, Kathmandu, Bagmati Province, 44757, Nepal",27.713921,85.35439,SRID=4326;POINT(85.35439 27.713921),,2026-07-21 14:07:48.000000,2026-07-21 14:20:48.000000
116,1038,206,,gate not closing,"The steel main gate has sagged so it drags on the ground and will not latch, and one hinge weld has cracked right through. Power is available at the site for your machine. It is a rented flat and the landlord has agreed to the work. The existing metal is mild steel square tube, about 25mm. The gate cannot be locked and it screeches loudly. Need the hinge rewelded and the gate straightened so it closes. Please bring whatever materials are needed, I will pay for them.",PENDING,true,"[{""tags"":[""gate-fabrication"",""mig-welding""],""category"":""welding"",""is_custom_category"":false}]",Suresh Basnet,+977 9756889621,regular,[],"Gyan Jyoti School, Ward 9, Suryabinayak, Bhaktapur, Bagmati Province, 44830, Nepal",27.651227,85.418606,SRID=4326;POINT(85.418606 27.651227),,2026-06-09 04:48:21.000000,2026-06-09 05:59:21.000000
117,1006,208,,AC gas problem,"Sometime this week is fine. The bedroom split AC runs but barely cools, the outdoor unit ices up, and there is a musty smell from the indoor unit. The unit is a 1.5 ton split, about four years old, out of warranty. The drain pipe also drips onto the neighbour's side. It was last serviced roughly eighteen months ago. It is unbearable to sleep in this heat. It is a rented flat and the landlord has agreed to the work. Need it serviced, gas checked and the coils cleaned. Happy to pay a visit charge for an inspection.",PENDING,true,"[{""tags"":[""split-ac-install"",""gas-charging"",""coil-cleaning""],""category"":""hvac"",""is_custom_category"":false}]",Sunita Maharjan,+977 9825033522,regular,"[{""url"":""https://res.cloudinary.com/handyman-demo/image/upload/v1795886391/job_734686.mp4"",""type"":""video""},{""url"":""https://res.cloudinary.com/handyman-demo/image/upload/v1753701629/job_490384.mp4"",""type"":""video""}]","Nirvana Garden, Ward 22, Baneshwor, Kathmandu, Bagmati Province, 44699, Nepal I am abroad, please coordinate with the caretaker on this number.",27.684351,85.337157,SRID=4326;POINT(85.337157 27.684351),,2026-07-10 14:37:00.000000,2026-07-10 14:58:00.000000
118,1042,210,,genset service,"Need this today if possible. The building's standby diesel generator cranks but will not start, and when it did run last month it produced black smoke and surged. The building has no backup power at all right now. It is a 25 kVA Kirloskar set, about eight years old. Need it serviced and the changeover panel checked. Please bring whatever materials are needed, I will pay for them.",PENDING,true,"[{""tags"":[""diesel-genset-service"",""amf-panel""],""category"":""generator"",""is_custom_category"":false}]",Ram Bahadur,+977 9756263399,express,[],"City Centre back gate, Ward 18, Dhapasi, Kathmandu, Bagmati Province, 44741, Nepal Best to come after 5pm when someone is home.",27.751753,85.327552,SRID=4326;POINT(85.327552 27.751753),,2026-07-05 17:38:59.000000,2026-07-05 17:59:59.000000
119,979,211,,termite problem,"Need this today if possible. There are mud tracks running up the wall behind the wardrobe and the wooden door frame sounds hollow and crumbles when pressed. We can vacate the house for a day if the treatment requires it. Property is in Baneshwor, Kathmandu. They have already destroyed one bookshelf. The house has a lot of built-in wooden furniture. Need the termites treated at the source, not just sprayed. Please give me a rough estimate before starting.",PENDING,true,"[{""tags"":[""anti-termite-treatment"",""wood-borer""],""category"":""pest-control"",""is_custom_category"":false}]",Manisha Gurung,+977 9748533212,express,"[{""url"":""https://res.cloudinary.com/handyman-demo/image/upload/v1794328634/job_281594.mp4"",""type"":""video""}]","Himalaya Height, Ward 23, Baneshwor, Kathmandu, बागमती प्रदेश, 44761, Nepal Best to come after 5pm when someone is home.",27.686811,85.343239,SRID=4326;POINT(85.343239 27.686811),,2026-06-23 09:26:55.000000,2026-06-23 10:52:55.000000
120,993,214,,want wooden bed,"Need this done quickly. I want a solid wood queen bed with storage drawers underneath, made to fit a slightly narrow room. Room measurements are roughly 11 by 13 feet. The existing woodwork is sal wood, if you need to match it. Moving into the new flat next month and need it before then. Looking for someone who can measure, build and finish it in matching wood.",CANCELLED,true,"[{""tags"":[""custom-furniture"",""hardwood-finishing""],""category"":""carpentry"",""is_custom_category"":false}]",Laxmi Devkota,+977 9749710038,express,"[{""url"":""https://res.cloudinary.com/handyman-demo/image/upload/v1773683838/job_323445.jpg"",""type"":""image""}]","Nirvana Garden, Ward 23, Baneshwor, Kathmandu, Bagmati Province, 44841, Nepal My mother is at home during the day, she does not speak much English.",27.691392,85.349427,SRID=4326;POINT(85.349427 27.691392),,2026-07-29 12:38:30.000000,2026-08-04 10:30:00.000000
121,1042,216,,gate rusted,"As soon as possible please. The window grilles and the main gate have rust bubbling through the old paint, worst at the bottom where water collects. There is old wallpaper on one wall that would have to come off first. Rust is starting to stain the wall below. Property is in Thamel, Kathmandu. Want the rust treated and everything repainted so it lasts.",PENDING,true,"[{""tags"":[""anti-corrosive-metal-paint""],""category"":""painting"",""is_custom_category"":false}]",Sarita KC,+977 9826928423,express,"[{""url"":""https://res.cloudinary.com/handyman-demo/image/upload/v1713675904/job_454573.jpg"",""type"":""image""}]","SASA Health Care, Ward 1, Thamel, Kathmandu, Bagmati Province, 44732, Nepal I am abroad, please coordinate with the caretaker on this number.",27.722589,85.314841,SRID=4326;POINT(85.314841 27.722589),,2026-06-05 13:17:18.000000,2026-06-05 14:45:18.000000
122,1021,,,tuition teacher,"Need this done quickly. Need a tutor for a class 10 student in maths and science, twice a week at home. Someone is at home all day so timing is flexible. Board exams are in a few months. Looking for a tutor, not a tradesperson.",PENDING,false,[],Nirmala Rai,+977 9827263910,express,"[{""url"":""https://res.cloudinary.com/handyman-demo/image/upload/v1790014935/job_237601.jpg"",""type"":""image""},{""url"":""https://res.cloudinary.com/handyman-demo/image/upload/v1750520796/job_615141.jpg"",""type"":""image""}]","Pragya Sadan, Ward 32, Godawari, Lalitpur, बागमती प्रदेश, 44900, Nepal Best to come after 5pm when someone is home.",27.599165,85.373016,SRID=4326;POINT(85.373016 27.599165),,2026-07-04 21:23:54.000000,2026-07-04 21:57:54.000000
123,1037,217,,staircase fabrication,"Sometime this week is fine. We need a steel staircase from the second floor to the roof terrace, currently reached only by a wooden ladder. The lane is narrow so a large vehicle will not reach the gate. Total measurement is roughly 12 feet by 5 feet. The existing metal is mild steel square tube, about 25mm. The ladder is dangerous for my parents. Power is available at the site for your machine. Want a proper steel staircase designed, fabricated and installed.",PENDING,true,"[{""tags"":[""staircase-fabrication"",""structural-steel""],""category"":""welding"",""is_custom_category"":false}]",Binod Chaudhary,+977 9862913475,regular,[],"Shanti Bhawan, Ward 10, Thamel, Kathmandu, बागमती प्रदेश, 44823, Nepal",27.72926,85.313079,SRID=4326;POINT(85.313079 27.72926),,2026-06-24 11:13:45.000000,2026-06-24 11:28:45.000000
124,986,218,521,wall fungus outside,"The north-facing outside wall has gone black and green with growth and the paint is flaking off in sheets. Ceiling height is about nine feet so scaffolding may be needed. We would like to keep the existing shade if it can be matched. There is old wallpaper on one wall that would have to come off first. Need it cleaned, treated so the growth does not come back, and recoated with something weatherproof. Please bring whatever materials are needed, I will pay for them.",ASSIGNED,true,"[{""tags"":[""exterior-weathercoat"",""anti-fungal-treatment""],""category"":""painting"",""is_custom_category"":false}]",Nirmala Rai,+977 9868096967,regular,[],"City Centre back gate, Ward 16, Godawari, Lalitpur, बागमती प्रदेश, 44747, Nepal I am abroad, please coordinate with the caretaker on this number.",27.595205,85.368749,SRID=4326;POINT(85.368749 27.595205),,2026-07-17 05:48:32.000000,2026-07-20 06:17:32.000000
125,993,221,,gutter overflowing,"The gutter overflows at one joint during every downpour and the downpipe has cracked, so water runs down the outside wall. That wall is now permanently damp and the paint is peeling. Access to the roof is by an external staircase. Need the gutter refixed with proper slope and the downpipe replaced.",PENDING,true,"[{""tags"":[""gutter-install"",""downpipe-repair""],""category"":""roofing"",""is_custom_category"":false}]",Sunita Maharjan,+977 9862147015,regular,"[{""url"":""https://res.cloudinary.com/handyman-demo/image/upload/v1774317008/job_606488.mp4"",""type"":""video""},{""url"":""https://res.cloudinary.com/handyman-demo/image/upload/v1793929268/job_468034.jpg"",""type"":""image""}]","Gyan Jyoti School, Ward 2, Baneshwor, Kathmandu, बागमती प्रदेश, 44815, Nepal",27.680829,85.346411,SRID=4326;POINT(85.346411 27.680829),,2026-06-19 20:07:33.000000,2026-06-19 20:38:33.000000
126,984,224,,regrouting bathroom,"No great rush. The grout lines throughout the bathroom have gone black and crumbly and no amount of scrubbing helps. The tiles are 2 by 2 feet vitrified, and I have about ten spares left over. This is a commercial premises so work would have to be after closing. It looks unhygienic even after cleaning. Property is in Chabahil, Kathmandu. There is underfloor plumbing in that area so please be careful. Want the old grout raked out and redone in something that resists staining. Please give me a rough estimate before starting.",PENDING,true,"[{""tags"":[""regrouting"",""epoxy-grouting""],""category"":""tiling"",""is_custom_category"":false}]",Laxmi Devkota,+977 9741821098,regular,"[{""url"":""https://res.cloudinary.com/handyman-demo/image/upload/v1773942379/job_781470.jpg"",""type"":""image""},{""url"":""https://res.cloudinary.com/handyman-demo/image/upload/v1704465401/job_737572.jpg"",""type"":""image""}]","Gyan Jyoti School, Ward 5, Chabahil, Kathmandu, बागमती प्रदेश, 44671, Nepal Best to come after 5pm when someone is home.",27.72473,85.344273,SRID=4326;POINT(85.344273 27.72473),,2026-06-17 09:49:34.000000,2026-06-17 10:34:34.000000
127,980,226,378,stone wall pointing,"As soon as possible please. Our old family house has traditional brick walls where the joints are crumbling and someone previously patched them with grey cement which is now trapping damp inside. Access for a mixer is tight, the lane is barely wide enough for a bike. The inside walls are damp and the plaster keeps blowing. Property is in Imadol, Lalitpur. We had this patched two monsoons ago and it opened up again. There is a similar crack on the outside face of the same wall. Need the wrong pointing removed and redone in a mortar that lets the wall breathe. I would like a written quote first.",ASSIGNED,true,"[{""tags"":[""lime-mortar-repointing"",""heritage-restoration""],""category"":""masonry"",""is_custom_category"":false}]",Pemba Sherpa,+977 9741392840,express,[],"pure land tower, Ward 24, Imadol, Lalitpur, बागमती प्रदेश, 44803, Nepal",27.66317,85.351914,SRID=4326;POINT(85.351914 27.66317),,2026-08-01 11:06:44.000000,2026-08-02 20:43:44.000000
128,994,228,,cement stains everywhere,"Construction just finished and there is cement haze on all the tiles, paint spots on the glass and fine dust over every surface. Cannot hand the flat over to tenants like this. It is a three-bedroom flat, roughly 1200 square feet. There is no lift, it is on the fourth floor. Need a builders clean including the windows and floors.",PENDING,true,"[{""tags"":[""post-construction-cleanup"",""grout-and-stain-removal""],""category"":""cleaning"",""is_custom_category"":false}]",Deepak Shrestha,+977 9809700945,regular,"[{""url"":""https://res.cloudinary.com/handyman-demo/image/upload/v1793383105/job_936773.jpg"",""type"":""image""},{""url"":""https://res.cloudinary.com/handyman-demo/image/upload/v1717647541/job_343541.jpg"",""type"":""image""},{""url"":""https://res.cloudinary.com/handyman-demo/image/upload/v1711692268/job_724805.jpg"",""type"":""image""}]","Pragya Sadan, Ward 4, Bhaktapur Durbar Square Area, बागमती प्रदेश, 44605, Nepal I am abroad, please coordinate with the caretaker on this number.",27.6812,85.415046,SRID=4326;POINT(85.415046 27.6812),,2026-06-10 20:29:08.000000,2026-06-10 20:36:08.000000
129,974,,817,lawn and watering system,"We want a proper lawn laid in the front garden with an automatic watering system, since hand watering is being forgotten. The last lawn died from irregular watering. Property is in Godawari, Lalitpur. We would like mostly local plants that survive without much care. The garden is roughly 1800 square feet on two levels. Want the ground prepared, turf laid and irrigation installed on a timer.",COMPLETED,true,"[{""tags"":[""lawn-laying"",""drip-irrigation"",""sprinkler-system""],""category"":""landscaping"",""is_custom_category"":false}]",Laxmi Devkota,+977 9862571151,regular,"[{""url"":""https://res.cloudinary.com/handyman-demo/image/upload/v1706087907/job_122699.jpg"",""type"":""image""}]","pure land tower, Ward 18, Godawari, Lalitpur, Bagmati Province, 44765, Nepal Call before coming, the gate is usually locked.",27.600931,85.356273,SRID=4326;POINT(85.356273 27.600931),,2026-07-04 23:42:46.000000,2026-07-12 05:33:46.000000
130,1052,231,,septic overflow,"As soon as possible please. The septic tank is overflowing at the inspection cover and the soakpit no longer drains, so waste water is surfacing in the back yard. The soakpit is right beside the boundary wall so space is limited. The smell is unbearable and it is right beside the kitchen window. It was last emptied about four years ago. Need the tank emptied and the soakpit rebuilt if it has silted up. Please give me a rough estimate before starting.",CANCELLED,true,"[{""tags"":[""septic-tank-desludging"",""soakpit-construction"",""drain-field-repair""],""category"":""septic-soakpit"",""is_custom_category"":true}]",Nirmala Rai,+977 9801559134,express,"[{""url"":""https://res.cloudinary.com/handyman-demo/image/upload/v1743476297/job_134474.jpg"",""type"":""image""},{""url"":""https://res.cloudinary.com/handyman-demo/image/upload/v1766422106/job_187484.jpg"",""type"":""image""}]","Sunrise Apartment, Ward 30, Balaju, Kathmandu, बागमती प्रदेश, 44629, Nepal My mother is at home during the day, she does not speak much English.",27.746268,85.30206,SRID=4326;POINT(85.30206 27.746268),,2026-07-10 01:11:50.000000,2026-07-12 20:39:50.000000
131,1046,232,,Room painting,"Need this done quickly. Two bedrooms need repainting; the current paint is patchy and there are hairline cracks and nail holes all over the walls. There is old wallpaper on one wall that would have to come off first. Furniture can be moved into the next room but not out of the house. Property is in Patan, Lalitpur. Guests arriving for a wedding next month. Want the walls puttied smooth and painted in a colour matched to the living room. Happy to pay a visit charge for an inspection.",PENDING,true,"[{""tags"":[""wall-putty"",""emulsion-finish"",""colour-matching""],""category"":""painting"",""is_custom_category"":false}]",Deepak Shrestha,+977 9863420088,express,[],"Gyan Jyoti School, Ward 6, Patan, Lalitpur, बागमती प्रदेश, 44660, Nepal I am abroad, please coordinate with the caretaker on this number.",27.678988,85.325803,SRID=4326;POINT(85.325803 27.678988),,2026-07-23 06:01:52.000000,2026-07-23 06:43:52.000000
132,976,234,196,washing machine leaking,"Urgent. The front-load washing machine makes a loud grinding noise on spin, shakes badly, and leaves a puddle of water underneath after each wash. A technician came once and said a part had to be ordered, then never returned. Cannot wash clothes for a family of five. I still have the original bill and manual if that helps. The lane is narrow so a large vehicle will not reach the gate. Need it repaired at home if possible rather than taken away. Happy to pay a visit charge for an inspection.",COMPLETED,true,"[{""tags"":[""front-load-washer"",""drum-bearing-replacement""],""category"":""appliance-repair"",""is_custom_category"":false}]",Gita Tamang,+977 9829955303,express,"[{""url"":""https://res.cloudinary.com/handyman-demo/image/upload/v1714959700/job_223316.jpg"",""type"":""image""}]","Himalaya Height, Ward 10, Kalanki, Kathmandu, बागमती प्रदेश, 44792, Nepal",27.705735,85.283052,SRID=4326;POINT(85.283052 27.705735),,2026-07-04 21:15:15.000000,2026-07-12 08:46:15.000000
133,1047,235,499,stone wall pointing,Our old family house has traditional brick walls where the joints are crumbling and someone previously patched them with grey cement which is now trapping damp inside. There is a similar crack on the outside face of the same wall. The inside walls are damp and the plaster keeps blowing. We are on the top floor with no lift. Need the wrong pointing removed and redone in a mortar that lets the wall breathe. I would like a written quote first.,ASSIGNED,true,"[{""tags"":[""lime-mortar-repointing"",""heritage-restoration""],""category"":""masonry"",""is_custom_category"":false}]",Laxmi Devkota,+977 9842045744,regular,"[{""url"":""https://res.cloudinary.com/handyman-demo/image/upload/v1784874989/job_102420.jpg"",""type"":""image""},{""url"":""https://res.cloudinary.com/handyman-demo/image/upload/v1765408885/job_256610.jpg"",""type"":""image""},{""url"":""https://res.cloudinary.com/handyman-demo/image/upload/v1702103954/job_684947.jpg"",""type"":""image""}]","Nirvana Garden, Ward 6, Dhapasi, Kathmandu, बागमती प्रदेश, 44839, Nepal Please call my tenant on the number given, he is at the property.",27.754272,85.327416,SRID=4326;POINT(85.327416 27.754272),,2026-07-16 23:53:16.000000,2026-07-26 17:54:16.000000
134,1057,237,551,cane chair repair,"Need this done quickly. We want a bamboo shade structure built on the terrace, and four cane dining chairs have sagging, broken seat weaves. Property is in Jawalakhel, Lalitpur. The chairs are old family pieces with cane seats. The house is locked during office hours on weekdays. Opening a small cafe on the terrace next season. We can source bamboo locally if you advise on the type. Need the structure built with treated bamboo and the chair seats rewoven. I have a budget in mind so tell me if it is unrealistic.",COMPLETED,true,"[{""tags"":[""bamboo-structure-building"",""cane-seat-weaving"",""bamboo-treatment""],""category"":""bamboo-cane"",""is_custom_category"":true}]",Client1,+977 9808758328,express,"[{""url"":""https://res.cloudinary.com/handyman-demo/image/upload/v1702050708/job_757881.jpg"",""type"":""image""},{""url"":""https://res.cloudinary.com/handyman-demo/image/upload/v1783547081/job_332444.jpg"",""type"":""image""}]","Gyan Jyoti School, Ward 3, Jawalakhel, Lalitpur, Bagmati Province, 44604, Nepal I am abroad, please coordinate with the caretaker on this number.",27.664766,85.322133,SRID=4326;POINT(85.322133 27.664766),,2026-07-14 01:43:24.000000,2026-07-20 21:31:24.000000
135,1005,238,,genset service,"Sometime this week is fine. The building's standby diesel generator cranks but will not start, and when it did run last month it produced black smoke and surged. Property is in Thamel, Kathmandu. The building has no backup power at all right now. It powers the lift and common area lighting for eleven flats. Need it serviced and the changeover panel checked. Please bring whatever materials are needed, I will pay for them.",MATCHED,true,"[{""tags"":[""diesel-genset-service"",""amf-panel""],""category"":""generator"",""is_custom_category"":false}]",Manisha Gurung,+977 9862979965,regular,[],"SASA Health Care, Ward 20, Thamel, Kathmandu, बागमती प्रदेश, 44727, Nepal Best to come after 5pm when someone is home.",27.718272,85.302758,SRID=4326;POINT(85.302758 27.718272),,2026-07-12 22:41:09.000000,2026-07-14 18:18:09.000000
136,1028,241,,custom bed frame,"Sometime this week is fine. I want a solid wood queen bed with storage drawers underneath, made to fit a slightly narrow room. The wall behind is plasterboard, not brick, so fixings may need care. Moving into the new flat next month and need it before then. The existing woodwork is sal wood, if you need to match it. Looking for someone who can measure, build and finish it in matching wood. Please give me a rough estimate before starting.",PENDING,true,"[{""tags"":[""custom-furniture"",""hardwood-finishing""],""category"":""carpentry"",""is_custom_category"":false}]",Sita Sharma,+977 9743483853,regular,"[{""url"":""https://res.cloudinary.com/handyman-demo/image/upload/v1767348021/job_960573.jpg"",""type"":""image""}]","Buddha Chowk, Ward 28, Jawalakhel, Lalitpur, Bagmati Province, 44837, Nepal",27.671091,85.292386,SRID=4326;POINT(85.292386 27.671091),,2026-07-09 16:34:55.000000,2026-07-09 17:33:55.000000
137,1035,244,,mirror fitting,"This is an emergency. A large window pane cracked across the middle and needs replacing, and we also want a full-length mirror fitted in the bedroom. It is on the third floor facing the road, so lifting glass up will be awkward. We would like toughened glass this time since children play in that room. The cracked pane is taped up and letting in cold air. Need the glass measured, supplied and fitted safely. Please bring whatever materials are needed, I will pay for them.",PENDING,true,"[{""tags"":[""toughened-glass"",""mirror-fitting""],""category"":""glazing"",""is_custom_category"":false}]",Deepak Shrestha,+977 9863925826,express,"[{""url"":""https://res.cloudinary.com/handyman-demo/image/upload/v1728420431/job_110534.jpg"",""type"":""image""},{""url"":""https://res.cloudinary.com/handyman-demo/image/upload/v1758930778/job_603493.jpg"",""type"":""image""},{""url"":""https://res.cloudinary.com/handyman-demo/image/upload/v1778320592/job_878773.jpg"",""type"":""image""}]","Annapurna Complex, Ward 26, Kirtipur, बागमती प्रदेश, 44633, Nepal Please call my tenant on the number given, he is at the property.",27.685733,85.288255,SRID=4326;POINT(85.288255 27.685733),,2026-07-28 02:47:25.000000,2026-07-28 03:50:25.000000
138,1043,245,,wall fungus outside,"The north-facing outside wall has gone black and green with growth and the paint is flaking off in sheets. We would like to keep the existing shade if it can be matched. It looks terrible from the street and neighbours have commented. There is old wallpaper on one wall that would have to come off first. Need it cleaned, treated so the growth does not come back, and recoated with something weatherproof. Photos are attached.",MATCHED,true,"[{""tags"":[""exterior-weathercoat"",""anti-fungal-treatment""],""category"":""painting"",""is_custom_category"":false}]",Suresh Basnet,+977 9851205684,regular,"[{""url"":""https://res.cloudinary.com/handyman-demo/image/upload/v1767069583/job_630808.jpg"",""type"":""image""},{""url"":""https://res.cloudinary.com/handyman-demo/image/upload/v1768528710/job_704994.jpg"",""type"":""image""}]","Shanti Bhawan, Ward 2, Patan, Lalitpur, बागमती प्रदेश, 44676, Nepal Call before coming, the gate is usually locked.",27.66728,85.328833,SRID=4326;POINT(85.328833 27.66728),,2026-06-14 20:34:15.000000,2026-06-20 12:57:15.000000
139,1042,246,,tank dirty,"Need this done quickly. The underground water tank has not been cleaned in years and the water has started smelling and looking slightly cloudy. We would like this done on a Saturday if possible. Property is in Sitapaila, Kathmandu. The children have had stomach problems and I suspect the water. Want the tank emptied, scrubbed and disinfected properly.",PENDING,true,"[{""tags"":[""water-tank-cleaning"",""sump-disinfection""],""category"":""cleaning"",""is_custom_category"":false}]",Laxmi Devkota,+977 9862053669,express,"[{""url"":""https://res.cloudinary.com/handyman-demo/image/upload/v1722698196/job_972040.jpg"",""type"":""image""}]","City Centre back gate, Ward 12, Sitapaila, Kathmandu, बागमती प्रदेश, 44666, Nepal Best to come after 5pm when someone is home.",27.715282,85.292592,SRID=4326;POINT(85.292592 27.715282),,2026-07-01 10:50:44.000000,2026-07-01 11:58:44.000000
140,1025,249,,need a driver,Need a driver with a licence to move household goods across the valley over two days. Someone is at home all day so timing is flexible. Handing the old flat back at the end of the month. Looking for a driver with a small truck. Let me know when you could visit to look at it.,PENDING,false,[],Nirmala Rai,+977 9819474460,regular,"[{""url"":""https://res.cloudinary.com/handyman-demo/image/upload/v1773238384/job_105746.jpg"",""type"":""image""}]","Shanti Bhawan, Ward 2, Tokha, बागमती प्रदेश, 44769, Nepal Please call my tenant on the number given, he is at the property.",27.76483,85.305019,SRID=4326;POINT(85.305019 27.76483),,2026-06-24 16:35:22.000000,2026-06-24 16:46:22.000000
141,1046,251,,staircase fabrication,"As soon as possible please. We need a steel staircase from the second floor to the roof terrace, currently reached only by a wooden ladder. Power is available at the site for your machine. The ladder is dangerous for my parents. This is a commercial premises so work would have to be after closing. Want a proper steel staircase designed, fabricated and installed.",MATCHED,true,"[{""tags"":[""staircase-fabrication"",""structural-steel""],""category"":""welding"",""is_custom_category"":false}]",Hari Prasad,+977 9815589595,express,"[{""url"":""https://res.cloudinary.com/handyman-demo/image/upload/v1784167729/job_255315.jpg"",""type"":""image""}]","Gyan Jyoti School, Ward 19, Gokarneshwor, बागमती प्रदेश, 44740, Nepal Please call my tenant on the number given, he is at the property.",27.736128,85.385046,SRID=4326;POINT(85.385046 27.736128),,2026-07-13 00:03:12.000000,2026-07-19 19:28:12.000000
142,1058,253,919,fridge not cooling,"The fridge compartment is not cooling although the freezer works, and there is a thick block of ice at the back of the freezer. Vegetables and milk are spoiling every other day. The house is locked during office hours on weekdays. It started making the noise gradually over about a month. It is a Samsung unit, roughly five years old, warranty finished. Need the cooling and defrost system checked. Please give me a rough estimate before starting.",COMPLETED,true,"[{""tags"":[""fridge-gas-refill"",""defrost-system-repair""],""category"":""appliance-repair"",""is_custom_category"":false}]",Laxmi Devkota,+977 9817602982,regular,"[{""url"":""https://res.cloudinary.com/handyman-demo/image/upload/v1703819547/job_399490.mp4"",""type"":""video""},{""url"":""https://res.cloudinary.com/handyman-demo/image/upload/v1709020376/job_935833.jpg"",""type"":""image""},{""url"":""https://res.cloudinary.com/handyman-demo/image/upload/v1723999115/job_552546.mp4"",""type"":""video""}]","pure land tower, Ward 29, Bhaktapur Durbar Square Area, Bagmati Province, 44759, Nepal",27.669306,85.429955,SRID=4326;POINT(85.429955 27.669306),,2026-07-02 07:05:19.000000,2026-07-04 14:58:19.000000
143,1058,256,,fridge ice buildup,"As soon as possible please. The fridge compartment is not cooling although the freezer works, and there is a thick block of ice at the back of the freezer. Vegetables and milk are spoiling every other day. Property is in Sitapaila, Kathmandu. I still have the original bill and manual if that helps. Need the cooling and defrost system checked.",CANCELLED,true,"[{""tags"":[""fridge-gas-refill"",""defrost-system-repair""],""category"":""appliance-repair"",""is_custom_category"":false}]",Rajesh Karki,+977 9819683754,express,"[{""url"":""https://res.cloudinary.com/handyman-demo/image/upload/v1725584700/job_923373.mp4"",""type"":""video""},{""url"":""https://res.cloudinary.com/handyman-demo/image/upload/v1797107972/job_464647.jpg"",""type"":""image""}]","Shanti Bhawan, Ward 16, Sitapaila, Kathmandu, Bagmati Province, 44790, Nepal Call before coming, the gate is usually locked.",27.727237,85.262188,SRID=4326;POINT(85.262188 27.727237),,2026-08-04 08:07:00.000000,2026-08-04 10:30:00.000000
144,1037,258,762,plaster falling off,"There is a diagonal crack above the door frame that has widened noticeably since the last tremor, and plaster is hollow and falling in patches nearby. The building is load bearing brick, about twenty-five years old. There is a similar crack on the outside face of the same wall. Need it assessed and the plaster and crack repaired properly.",COMPLETED,true,"[{""tags"":[""cement-plaster"",""concrete-repair""],""category"":""masonry"",""is_custom_category"":false}]",Client1,+977 9827752212,regular,"[{""url"":""https://res.cloudinary.com/handyman-demo/image/upload/v1717870832/job_467483.jpg"",""type"":""image""},{""url"":""https://res.cloudinary.com/handyman-demo/image/upload/v1775497726/job_729062.jpg"",""type"":""image""}]","Balumari Marg, Ward 3, Kalanki, Kathmandu, बागमती प्रदेश, 44746, Nepal",27.701407,85.291092,SRID=4326;POINT(85.291092 27.701407),,2026-07-06 01:37:36.000000,2026-07-07 00:08:36.000000
145,1023,261,,main gate broken,"The steel main gate has sagged so it drags on the ground and will not latch, and one hinge weld has cracked right through. The gate cannot be locked and it screeches loudly. Total measurement is roughly 12 feet by 5 feet. The previous welding was done badly and has cracked at the same joint before. I want it primed and painted black to match the rest. Need the hinge rewelded and the gate straightened so it closes. I have a budget in mind so tell me if it is unrealistic.",PENDING,true,"[{""tags"":[""gate-fabrication"",""mig-welding""],""category"":""welding"",""is_custom_category"":false}]",Deepak Shrestha,+977 9801038954,regular,"[{""url"":""https://res.cloudinary.com/handyman-demo/image/upload/v1717808359/job_809353.jpg"",""type"":""image""},{""url"":""https://res.cloudinary.com/handyman-demo/image/upload/v1786641337/job_843923.mp4"",""type"":""video""},{""url"":""https://res.cloudinary.com/handyman-demo/image/upload/v1736435511/job_771014.jpg"",""type"":""image""}]","Annapurna Complex, Ward 29, Baneshwor, Kathmandu, Bagmati Province, 44613, Nepal",27.702085,85.347436,SRID=4326;POINT(85.347436 27.702085),,2026-08-04 03:26:31.000000,2026-08-04 03:57:31.000000
146,979,263,,chhat leaking,"Sometime this week is fine. The concrete slab over the parking area is leaking through in several spots and there are rust stains with small pieces of concrete falling off. Water drips onto the cars and the exposed steel worries me. The building is load bearing brick, about twenty-five years old. Need the spalled concrete repaired and the reinforcement treated before it gets worse.",MATCHED,true,"[{""tags"":[""concrete-repair"",""rebar-tying""],""category"":""masonry"",""is_custom_category"":false}]",Ram Bahadur,+977 9807680622,regular,[],"Buddha Chowk, Ward 25, Kalanki, Kathmandu, बागमती प्रदेश, 44786, Nepal Call before coming, the gate is usually locked.",27.694813,85.299161,SRID=4326;POINT(85.299161 27.694813),,2026-06-09 21:35:28.000000,2026-06-11 01:22:28.000000
147,1028,265,,RO plant needed,"No great rush. The tap water leaves white scale on everything, tastes metallic, and stains the bathroom fittings brown. We have both a boring and a municipal supply feeding the same tank. Daily consumption is roughly 1000 litres for two families. We are buying jar water for drinking which is expensive. Parking for a vehicle is available right outside. Want the water tested and a treatment system installed for the whole house. Photos are attached.",PENDING,true,"[{""tags"":[""ro-plant-install"",""water-softener"",""iron-removal-filter""],""category"":""water-treatment"",""is_custom_category"":false}]",Pemba Sherpa,+977 9826007125,regular,"[{""url"":""https://res.cloudinary.com/handyman-demo/image/upload/v1708729910/job_510568.jpg"",""type"":""image""}]","City Centre back gate, Ward 2, Chabahil, Kathmandu, बागमती प्रदेश, 44801, Nepal",27.724068,85.363054,SRID=4326;POINT(85.363054 27.724068),,2026-07-17 23:51:19.000000,2026-07-18 00:31:19.000000
148,974,266,,power trips again and again,"Need this today if possible. The main breaker trips several times a day, usually when the water pump or iron is switched on, and the board makes a faint buzzing sound. The fridge keeps losing power and food has spoiled twice. An electrician looked at it last year and said the load was too high. Need someone to find what is overloading the circuit and fix it properly, not just reset it.",MATCHED,true,"[{""tags"":[""tripping-circuit-repair"",""fault-diagnosis""],""category"":""electrical"",""is_custom_category"":false}]",Prakash Lama,+977 9757045779,express,"[{""url"":""https://res.cloudinary.com/handyman-demo/image/upload/v1783826252/job_914423.jpg"",""type"":""image""}]","SASA Health Care, Ward 14, Dhapasi, Kathmandu, बागमती प्रदेश, 44851, Nepal Call before coming, the gate is usually locked.",27.742371,85.326326,SRID=4326;POINT(85.326326 27.742371),,2026-07-18 01:15:02.000000,2026-07-20 05:02:02.000000
149,1034,269,,chhana leaking,"Sometime this week is fine. The flat terrace roof leaks into the top floor bedroom during heavy rain, and water sits in a puddle near the parapet that never drains. It is a flat RCC roof with a brick coba layer on top. The lane is narrow so a large vehicle will not reach the gate. The bedroom ceiling is stained and we put buckets out every monsoon. Access to the roof is by an external staircase. Need the leak found and the roof waterproofed properly. I would like a written quote first.",PENDING,true,"[{""tags"":[""flat-roof-leak"",""app-membrane"",""liquid-waterproofing""],""category"":""roofing"",""is_custom_category"":false}]",Suresh Basnet,+977 9816032811,regular,[],"Nirvana Garden, Ward 16, Dhapasi, Kathmandu, बागमती प्रदेश, 44614, Nepal Best to come after 5pm when someone is home.",27.747646,85.31809,SRID=4326;POINT(85.31809 27.747646),,2026-07-22 21:16:04.000000,2026-07-22 22:44:04.000000
150,1021,271,,heritage wall repair,"Our old family house has traditional brick walls where the joints are crumbling and someone previously patched them with grey cement which is now trapping damp inside. Access for a mixer is tight, the lane is barely wide enough for a bike. The inside walls are damp and the plaster keeps blowing. The lane is narrow so a large vehicle will not reach the gate. Need the wrong pointing removed and redone in a mortar that lets the wall breathe. I have a budget in mind so tell me if it is unrealistic.",PENDING,true,"[{""tags"":[""lime-mortar-repointing"",""heritage-restoration""],""category"":""masonry"",""is_custom_category"":false}]",Deepak Shrestha,+977 9807243746,regular,[],"Shanti Bhawan, Ward 4, Koteshwor, Kathmandu, बागमती प्रदेश, 44807, Nepal",27.694595,85.353245,SRID=4326;POINT(85.353245 27.694595),,2026-06-23 18:23:05.000000,2026-06-23 18:55:05.000000
151,983,274,,water tank cleaning,"Sometime this week is fine. The underground water tank has not been cleaned in years and the water has started smelling and looking slightly cloudy. The children have had stomach problems and I suspect the water. It is a rented flat and the landlord has agreed to the work. We would like this done on a Saturday if possible. Want the tank emptied, scrubbed and disinfected properly. Happy to pay a visit charge for an inspection.",PENDING,true,"[{""tags"":[""water-tank-cleaning"",""sump-disinfection""],""category"":""cleaning"",""is_custom_category"":false}]",Sunita Maharjan,+977 9802723103,regular,[],"Himalaya Height, Ward 4, Kalanki, Kathmandu, बागमती प्रदेश, 44615, Nepal Please call my tenant on the number given, he is at the property.",27.69098,85.27735,SRID=4326;POINT(85.27735 27.69098),,2026-07-07 12:12:27.000000,2026-07-07 12:21:27.000000
152,1047,276,,AUTOMOTIVE,"Sometime this week is fine. The car makes a grinding noise when braking and pulls to the left. I do not feel safe driving the children in it. There is another small job at the same property we could discuss together. Need a mechanic, ideally one who can come to the house. Photos are attached.",MATCHED,false,[],Prakash Lama,+977 9745923720,regular,"[{""url"":""https://res.cloudinary.com/handyman-demo/image/upload/v1779298865/job_193977.jpg"",""type"":""image""},{""url"":""https://res.cloudinary.com/handyman-demo/image/upload/v1731410808/job_219993.jpg"",""type"":""image""}]","City Centre back gate, Ward 2, Madhyapur Thimi, Bagmati Province, 44842, Nepal",27.692177,85.401541,SRID=4326;POINT(85.401541 27.692177),,2026-06-10 10:12:14.000000,2026-06-17 20:42:14.000000
153,978,279,,deep cleaning needed,"As soon as possible please. The flat has been empty and locked for eight months and is thick with dust, with mould in the bathroom and grease still on the kitchen tiles. Moving in this weekend. Water supply is available but you would need to bring your own equipment. Need a full deep clean including bathroom, kitchen and windows. Let me know when you could visit to look at it.",MATCHED,true,"[{""tags"":[""deep-cleaning"",""grout-and-stain-removal""],""category"":""cleaning"",""is_custom_category"":false}]",Laxmi Devkota,+977 9847812637,express,[],"hotel Rupakot, Ward 10, Budhanilkantha, Kathmandu, Bagmati Province, 44631, Nepal My mother is at home during the day, she does not speak much English.",27.789846,85.365769,SRID=4326;POINT(85.365769 27.789846),,2026-07-08 06:07:37.000000,2026-07-15 17:07:37.000000
154,986,281,730,downpipe broken,"This is an emergency. The gutter overflows at one joint during every downpour and the downpipe has cracked, so water runs down the outside wall. That wall is now permanently damp and the paint is peeling. Access to the roof is by an external staircase. Need the gutter refixed with proper slope and the downpipe replaced. Please give me a rough estimate before starting.",ASSIGNED,true,"[{""tags"":[""gutter-install"",""downpipe-repair""],""category"":""roofing"",""is_custom_category"":false}]",Client1,+977 9842416343,express,"[{""url"":""https://res.cloudinary.com/handyman-demo/image/upload/v1742040977/job_728170.jpg"",""type"":""image""},{""url"":""https://res.cloudinary.com/handyman-demo/image/upload/v1712083958/job_581964.jpg"",""type"":""image""}]","Nirvana Garden, Ward 25, Patan, Lalitpur, Bagmati Province, 44672, Nepal Call before coming, the gate is usually locked.",27.683955,85.334148,SRID=4326;POINT(85.334148 27.683955),,2026-07-17 12:07:06.000000,2026-07-17 19:59:06.000000
155,981,282,131,dhamira in wood,"Urgent. There are mud tracks running up the wall behind the wardrobe and the wooden door frame sounds hollow and crumbles when pressed. The house has a lot of built-in wooden furniture. They have already destroyed one bookshelf. Property is in Patan, Lalitpur. This is the second time in two years, the last treatment did not hold. Need the termites treated at the source, not just sprayed. Let me know when you could visit to look at it.",ASSIGNED,true,"[{""tags"":[""anti-termite-treatment"",""wood-borer""],""category"":""pest-control"",""is_custom_category"":false}]",Suresh Basnet,+977 9843273048,express,"[{""url"":""https://res.cloudinary.com/handyman-demo/image/upload/v1782652790/job_778990.jpg"",""type"":""image""}]","Annapurna Complex, Ward 8, Patan, Lalitpur, Bagmati Province, 44885, Nepal",27.679457,85.337227,SRID=4326;POINT(85.337227 27.679457),,2026-06-14 20:12:50.000000,2026-06-24 19:08:50.000000
156,1039,283,587,concrete slab leaking,"Urgent. The concrete slab over the parking area is leaking through in several spots and there are rust stains with small pieces of concrete falling off. The building is load bearing brick, about twenty-five years old. There is a similar crack on the outside face of the same wall. Water drips onto the cars and the exposed steel worries me. Need the spalled concrete repaired and the reinforcement treated before it gets worse. I would like a written quote first.",COMPLETED,true,"[{""tags"":[""concrete-repair"",""rebar-tying""],""category"":""masonry"",""is_custom_category"":false}]",Sarita KC,+977 9741991417,express,[],"Shanti Bhawan, Ward 24, Gokarneshwor, Bagmati Province, 44662, Nepal Call before coming, the gate is usually locked.",27.757819,85.390189,SRID=4326;POINT(85.390189 27.757819),,2026-07-01 13:58:28.000000,2026-07-02 16:57:28.000000
157,975,285,,termite problem,"This is an emergency. There are mud tracks running up the wall behind the wardrobe and the wooden door frame sounds hollow and crumbles when pressed. There is a garden on two sides which may be where they are coming from. They have already destroyed one bookshelf. Need the termites treated at the source, not just sprayed. Happy to pay a visit charge for an inspection.",PENDING,true,"[{""tags"":[""anti-termite-treatment"",""wood-borer""],""category"":""pest-control"",""is_custom_category"":false}]",Sarita KC,+977 9804292643,express,"[{""url"":""https://res.cloudinary.com/handyman-demo/image/upload/v1776808820/job_892954.jpg"",""type"":""image""},{""url"":""https://res.cloudinary.com/handyman-demo/image/upload/v1765253854/job_969064.jpg"",""type"":""image""}]","Newa Decor, Ward 28, Imadol, Lalitpur, Bagmati Province, 44660, Nepal",27.663209,85.335995,SRID=4326;POINT(85.335995 27.663209),,2026-06-23 22:37:51.000000,2026-06-23 23:07:51.000000
158,994,286,,mixer tap replace,"No great rush. Water is pooling in the cabinet under the kitchen sink and the mixer tap drips constantly even when closed tight. This is a commercial premises so work would have to be after closing. The cabinet base has swollen and gone soft and I am worried about the wood. A previous plumber patched this about six months ago and it has come back. The bathroom is on the second floor with tiled walls. Property is in Sitapaila, Kathmandu. Water supply here is from the municipal line plus an underground tank. Replace the mixer tap and fix whatever is leaking underneath.",PENDING,true,"[{""tags"":[""tap-and-mixer-repair"",""leak-detection""],""category"":""plumbing"",""is_custom_category"":false}]",Anup G,+977 9808925090,regular,"[{""url"":""https://res.cloudinary.com/handyman-demo/image/upload/v1713214008/job_924853.mp4"",""type"":""video""}]","Sunrise Apartment, Ward 31, Sitapaila, Kathmandu, बागमती प्रदेश, 44841, Nepal",27.709369,85.264474,SRID=4326;POINT(85.264474 27.709369),,2026-06-06 08:22:50.000000,2026-06-06 09:28:50.000000
159,982,288,,interior painting needed,"No great rush. Two bedrooms need repainting; the current paint is patchy and there are hairline cracks and nail holes all over the walls. There is old wallpaper on one wall that would have to come off first. Furniture can be moved into the next room but not out of the house. Want the walls puttied smooth and painted in a colour matched to the living room. Please bring whatever materials are needed, I will pay for them.",PENDING,true,"[{""tags"":[""wall-putty"",""emulsion-finish"",""colour-matching""],""category"":""painting"",""is_custom_category"":false}]",Rajesh Karki,+977 9825352455,regular,"[{""url"":""https://res.cloudinary.com/handyman-demo/image/upload/v1726352127/job_649322.jpg"",""type"":""image""}]","Buddha Chowk, Ward 6, Patan, Lalitpur, बागमती प्रदेश, 44890, Nepal My mother is at home during the day, she does not speak much English.",27.68939,85.323039,SRID=4326;POINT(85.323039 27.68939),,2026-06-22 20:51:22.000000,2026-06-22 21:39:22.000000
160,987,290,926,tank dirty,"Sometime this week is fine. The underground water tank has not been cleaned in years and the water has started smelling and looking slightly cloudy. The children have had stomach problems and I suspect the water. There is no lift, it is on the fourth floor. Want the tank emptied, scrubbed and disinfected properly. Let me know when you could visit to look at it.",ASSIGNED,true,"[{""tags"":[""water-tank-cleaning"",""sump-disinfection""],""category"":""cleaning"",""is_custom_category"":false}]",Rajesh Karki,+977 9843337233,regular,"[{""url"":""https://res.cloudinary.com/handyman-demo/image/upload/v1739286550/job_984729.jpg"",""type"":""image""}]","Sunrise Apartment, Ward 2, Thamel, Kathmandu, बागमती प्रदेश, 44636, Nepal I am abroad, please coordinate with the caretaker on this number.",27.724889,85.31709,SRID=4326;POINT(85.31709 27.724889),,2026-07-28 05:19:58.000000,2026-07-29 06:41:58.000000
161,975,293,,geyser problem,"No great rush. The 1000-litre rooftop tank feeds a solar heater but the water never gets properly hot, and one of the pipes on the roof is dripping. The bathroom is on the second floor with tiled walls. Property is in Imadol, Lalitpur. The pipework is the old galvanised type, not PVC. We have been heating water on the stove for two weeks. Need the solar hot water system checked, the leak fixed and the mixing valve set correctly. I have a budget in mind so tell me if it is unrealistic.",PENDING,true,"[{""tags"":[""solar-water-heater-plumbing"",""thermostatic-mixing""],""category"":""plumbing"",""is_custom_category"":false}]",Ram Bahadur,+977 9869852208,regular,[],"Nirvana Garden, Ward 14, Imadol, Lalitpur, Bagmati Province, 44893, Nepal My mother is at home during the day, she does not speak much English.",27.662357,85.350756,SRID=4326;POINT(85.350756 27.662357),,2026-07-26 07:17:51.000000,2026-07-26 08:38:51.000000
162,988,294,,driver needed,"No great rush. Need a driver with a licence to move household goods across the valley over two days. The house is locked during office hours on weekdays. Handing the old flat back at the end of the month. Looking for a driver with a small truck. Please bring whatever materials are needed, I will pay for them.",CANCELLED,false,[],Suresh Basnet,+977 9754060235,regular,[],"City Centre back gate, Ward 15, Gokarneshwor, बागमती प्रदेश, 44638, Nepal",27.763809,85.393778,SRID=4326;POINT(85.393778 27.763809),,2026-07-07 01:18:31.000000,2026-07-14 09:22:31.000000
163,988,297,578,grass laying,"Need this done quickly. We want a proper lawn laid in the front garden with an automatic watering system, since hand watering is being forgotten. There is a water tap in the garden but no existing irrigation. The last lawn died from irregular watering. The soil is heavy clay and does not drain well. Want the ground prepared, turf laid and irrigation installed on a timer. Happy to pay a visit charge for an inspection.",ASSIGNED,true,"[{""tags"":[""lawn-laying"",""drip-irrigation"",""sprinkler-system""],""category"":""landscaping"",""is_custom_category"":false}]",Ram Bahadur,+977 9749076228,express,"[{""url"":""https://res.cloudinary.com/handyman-demo/image/upload/v1729517682/job_406170.jpg"",""type"":""image""},{""url"":""https://res.cloudinary.com/handyman-demo/image/upload/v1781969117/job_244723.mp4"",""type"":""video""}]","SASA Health Care, Ward 7, Imadol, Lalitpur, Bagmati Province, 44880, Nepal",27.678912,85.358649,SRID=4326;POINT(85.358649 27.678912),,2026-06-09 21:12:21.000000,2026-06-18 12:55:21.000000
164,1028,299,,packers and movers,"Standard two-bedroom flat move within Lalitpur, including packing, a fridge and a washing machine. This is a commercial premises so work would have to be after closing. Lease ends this month. Want a moving team with a vehicle and packing material. Please give me a rough estimate before starting.",PENDING,false,[],Hari Prasad,+977 9807687061,regular,"[{""url"":""https://res.cloudinary.com/handyman-demo/image/upload/v1722101798/job_988529.jpg"",""type"":""image""},{""url"":""https://res.cloudinary.com/handyman-demo/image/upload/v1741534489/job_582267.jpg"",""type"":""image""}]","Balumari Marg, Ward 2, Madhyapur Thimi, Bagmati Province, 44870, Nepal My mother is at home during the day, she does not speak much English.",27.69153,85.401484,SRID=4326;POINT(85.401484 27.69153),,2026-06-12 04:31:08.000000,2026-06-12 05:26:08.000000
165,1024,302,,no water pressure upstairs,"The booster pump runs constantly but almost no water reaches the second and third floor taps, and the pump makes a rattling noise. Two families upstairs have had no running water since Saturday. Someone is at home all day so timing is flexible. The shut-off valve is in the parking area if you need it. Need the pump and overhead tank plumbing looked at, and the pressure balanced across all floors. Let me know when you could visit to look at it.",MATCHED,true,"[{""tags"":[""pressure-pump-install"",""overhead-tank-plumbing""],""category"":""plumbing"",""is_custom_category"":false}]",Sarita KC,+977 9814248807,regular,[],"City Centre back gate, Ward 24, Thamel, Kathmandu, Bagmati Province, 44877, Nepal",27.718712,85.317584,SRID=4326;POINT(85.317584 27.718712),,2026-07-05 18:17:18.000000,2026-07-14 16:24:18.000000
166,989,304,,wall fungus outside,"Need this done quickly. The north-facing outside wall has gone black and green with growth and the paint is flaking off in sheets. It looks terrible from the street and neighbours have commented. There is old wallpaper on one wall that would have to come off first. The current paint is a distemper, I am not sure if it needs stripping. We would like to keep the existing shade if it can be matched. Need it cleaned, treated so the growth does not come back, and recoated with something weatherproof.",CANCELLED,true,"[{""tags"":[""exterior-weathercoat"",""anti-fungal-treatment""],""category"":""painting"",""is_custom_category"":false}]",Binod Chaudhary,+977 9854336332,express,"[{""url"":""https://res.cloudinary.com/handyman-demo/image/upload/v1772807708/job_493881.jpg"",""type"":""image""}]","Pragya Sadan, Ward 29, Patan, Lalitpur, बागमती प्रदेश, 44876, Nepal Call before coming, the gate is usually locked.",27.679122,85.328579,SRID=4326;POINT(85.328579 27.679122),,2026-07-26 06:33:19.000000,2026-07-30 10:45:19.000000
167,1012,307,931,hard water problem,"Would like this sorted this week. The tap water leaves white scale on everything, tastes metallic, and stains the bathroom fittings brown. We have both a boring and a municipal supply feeding the same tank. A lab test last year showed high iron and hardness. There is another small job at the same property we could discuss together. We are buying jar water for drinking which is expensive. Want the water tested and a treatment system installed for the whole house. I have a budget in mind so tell me if it is unrealistic.",COMPLETED,true,"[{""tags"":[""ro-plant-install"",""water-softener"",""iron-removal-filter""],""category"":""water-treatment"",""is_custom_category"":false}]",Manisha Gurung,+977 9849277933,express,[],"Pragya Sadan, Ward 28, Budhanilkantha, Kathmandu, बागमती प्रदेश, 44650, Nepal Call before coming, the gate is usually locked.",27.770909,85.347292,SRID=4326;POINT(85.347292 27.770909),,2026-07-13 07:03:35.000000,2026-07-20 18:52:35.000000
168,978,309,,dhamira in wood,"As soon as possible please. There are mud tracks running up the wall behind the wardrobe and the wooden door frame sounds hollow and crumbles when pressed. We can vacate the house for a day if the treatment requires it. There is a garden on two sides which may be where they are coming from. This is the second time in two years, the last treatment did not hold. They have already destroyed one bookshelf. Need the termites treated at the source, not just sprayed. I would like a written quote first.",CANCELLED,true,"[{""tags"":[""anti-termite-treatment"",""wood-borer""],""category"":""pest-control"",""is_custom_category"":false}]",Bikash Thapa,+977 9807030425,express,[],"Pragya Sadan, Ward 2, Satdobato, Lalitpur, Bagmati Province, 44804, Nepal Call before coming, the gate is usually locked.",27.65345,85.31192,SRID=4326;POINT(85.31192 27.65345),,2026-07-25 03:58:40.000000,2026-07-25 06:16:40.000000
169,974,311,,washing machine noise,"No great rush. The front-load washing machine makes a loud grinding noise on spin, shakes badly, and leaves a puddle of water underneath after each wash. Parking for a vehicle is available right outside. Cannot wash clothes for a family of five. I still have the original bill and manual if that helps. Need it repaired at home if possible rather than taken away. Photos are attached.",CANCELLED,true,"[{""tags"":[""front-load-washer"",""drum-bearing-replacement""],""category"":""appliance-repair"",""is_custom_category"":false}]",Manisha Gurung,+977 9826985387,regular,[],"Milan Tole, Ward 22, Thamel, Kathmandu, बागमती प्रदेश, 44888, Nepal",27.725935,85.307548,SRID=4326;POINT(85.307548 27.725935),,2026-07-14 03:47:13.000000,2026-07-22 06:20:13.000000
170,1026,313,,bike servicing,"Would like this sorted this week. The car makes a grinding noise when braking and pulls to the left. I do not feel safe driving the children in it. Property is in Sitapaila, Kathmandu. It is a rented flat and the landlord has agreed to the work. Need a mechanic, ideally one who can come to the house.",PENDING,false,[],Manisha Gurung,+977 9843706140,express,[],"Balumari Marg, Ward 28, Sitapaila, Kathmandu, Bagmati Province, 44745, Nepal",27.708749,85.288251,SRID=4326;POINT(85.288251 27.708749),,2026-06-28 01:55:55.000000,2026-06-28 03:15:55.000000
171,1036,315,941,security grill fitting,"Urgent. Need security grilles made and fitted to five ground floor windows, and a railing for the first floor balcony which currently has nothing. We are on the top floor with no lift. The existing metal is mild steel square tube, about 25mm. There was a break-in attempt on the street last month. I want it primed and painted black to match the rest. Want them measured, fabricated and installed painted. Please bring whatever materials are needed, I will pay for them.",COMPLETED,true,"[{""tags"":[""window-grille"",""ms-railing""],""category"":""welding"",""is_custom_category"":false}]",Binod Chaudhary,+977 9755837268,express,"[{""url"":""https://res.cloudinary.com/handyman-demo/image/upload/v1759970151/job_894336.jpg"",""type"":""image""}]","Newa Decor, Ward 6, Baneshwor, Kathmandu, Bagmati Province, 44690, Nepal",27.69882,85.327395,SRID=4326;POINT(85.327395 27.69882),,2026-06-06 03:48:12.000000,2026-06-13 00:46:12.000000
172,1044,316,,bamboo work,"Urgent. We want a bamboo shade structure built on the terrace, and four cane dining chairs have sagging, broken seat weaves. We can source bamboo locally if you advise on the type. The chairs are old family pieces with cane seats. Opening a small cafe on the terrace next season. Need the structure built with treated bamboo and the chair seats rewoven.",PENDING,true,"[{""tags"":[""bamboo-structure-building"",""cane-seat-weaving"",""bamboo-treatment""],""category"":""bamboo-cane"",""is_custom_category"":true}]",Kiran Adhikari,+977 9752090585,express,"[{""url"":""https://res.cloudinary.com/handyman-demo/image/upload/v1747049233/job_159868.jpg"",""type"":""image""},{""url"":""https://res.cloudinary.com/handyman-demo/image/upload/v1747434244/job_447496.jpg"",""type"":""image""},{""url"":""https://res.cloudinary.com/handyman-demo/image/upload/v1764381134/job_158469.jpg"",""type"":""image""}]","SASA Health Care, Ward 16, Chabahil, Kathmandu, बागमती प्रदेश, 44824, Nepal",27.707849,85.340539,SRID=4326;POINT(85.340539 27.707849),,2026-06-28 02:36:45.000000,2026-06-28 02:51:45.000000
173,994,318,,toilet keeps running,The toilet cistern keeps running long after flushing and there is water seeping from the base onto the bathroom floor. The shut-off valve is in the parking area if you need it. A previous plumber patched this about six months ago and it has come back. This is a commercial premises so work would have to be after closing. The floor is wet all day and it is the only toilet in the flat. Need someone to stop the leak and replace the flush mechanism if it is worn out. Please give me a rough estimate before starting.,PENDING,true,"[{""tags"":[""toilet-and-cistern"",""leak-detection""],""category"":""plumbing"",""is_custom_category"":false}]",Manisha Gurung,+977 9819370956,regular,[],"Gyan Jyoti School, Ward 4, Kirtipur, Bagmati Province, 44600, Nepal",27.678419,85.275887,SRID=4326;POINT(85.275887 27.678419),,2026-06-21 09:45:03.000000,2026-06-21 10:17:03.000000
174,1043,319,,washer not spinning,"The front-load washing machine makes a loud grinding noise on spin, shakes badly, and leaves a puddle of water underneath after each wash. I still have the original bill and manual if that helps. Cannot wash clothes for a family of five. Property is in Godawari, Lalitpur. It is a Samsung unit, roughly five years old, warranty finished. It started making the noise gradually over about a month. Parking for a vehicle is available right outside. Need it repaired at home if possible rather than taken away.",CANCELLED,true,"[{""tags"":[""front-load-washer"",""drum-bearing-replacement""],""category"":""appliance-repair"",""is_custom_category"":false}]",Binod Chaudhary,+977 9743285844,regular,[],"hotel Rupakot, Ward 8, Godawari, Lalitpur, बागमती प्रदेश, 44656, Nepal",27.581528,85.399088,SRID=4326;POINT(85.399088 27.581528),,2026-06-07 16:31:15.000000,2026-06-07 17:41:15.000000
175,1029,320,,paint 2 rooms,"Two bedrooms need repainting; the current paint is patchy and there are hairline cracks and nail holes all over the walls. Guests arriving for a wedding next month. Furniture can be moved into the next room but not out of the house. Someone is at home all day so timing is flexible. Property is in Dhapasi, Kathmandu. Want the walls puttied smooth and painted in a colour matched to the living room. Photos are attached.",PENDING,true,"[{""tags"":[""wall-putty"",""emulsion-finish"",""colour-matching""],""category"":""painting"",""is_custom_category"":false}]",Kiran Adhikari,+977 9815138576,regular,"[{""url"":""https://res.cloudinary.com/handyman-demo/image/upload/v1798407036/job_339079.jpg"",""type"":""image""}]","Krishna Mandir side, Ward 28, Dhapasi, Kathmandu, बागमती प्रदेश, 44770, Nepal",27.748756,85.314939,SRID=4326;POINT(85.314939 27.748756),,2026-07-24 02:06:59.000000,2026-07-24 02:50:59.000000
176,1056,323,226,want wooden bed,"Urgent. I want a solid wood queen bed with storage drawers underneath, made to fit a slightly narrow room. It is a rented flat and the landlord has agreed to the work. The last carpenter left the job unfinished and I do not want to call him back. I would prefer a matte finish rather than high gloss. Looking for someone who can measure, build and finish it in matching wood. I would like a written quote first.",COMPLETED,true,"[{""tags"":[""custom-furniture"",""hardwood-finishing""],""category"":""carpentry"",""is_custom_category"":false}]",Anjali Joshi,+977 9828529302,express,[],"pure land tower, Ward 19, Dhapasi, Kathmandu, Bagmati Province, 44893, Nepal",27.743117,85.317151,SRID=4326;POINT(85.317151 27.743117),,2026-06-22 23:34:01.000000,2026-06-23 07:19:01.000000
177,1030,324,,shifting house,"Sometime this week is fine. Standard two-bedroom flat move within Lalitpur, including packing, a fridge and a washing machine. The house is locked during office hours on weekdays. Want a moving team with a vehicle and packing material. I would like a written quote first.",PENDING,false,[],Rajesh Karki,+977 9817178922,regular,"[{""url"":""https://res.cloudinary.com/handyman-demo/image/upload/v1712967405/job_552932.jpg"",""type"":""image""},{""url"":""https://res.cloudinary.com/handyman-demo/image/upload/v1742276230/job_513904.jpg"",""type"":""image""}]","Annapurna Complex, Ward 6, Madhyapur Thimi, बागमती प्रदेश, 44847, Nepal I am abroad, please coordinate with the caretaker on this number.",27.691909,85.379415,SRID=4326;POINT(85.379415 27.691909),,2026-07-09 14:52:19.000000,2026-07-09 14:58:19.000000
178,977,327,,exterior paint peeling,"Sometime this week is fine. The north-facing outside wall has gone black and green with growth and the paint is flaking off in sheets. It looks terrible from the street and neighbours have commented. We would like to keep the existing shade if it can be matched. Parking for a vehicle is available right outside. There is old wallpaper on one wall that would have to come off first. Need it cleaned, treated so the growth does not come back, and recoated with something weatherproof. Photos are attached.",PENDING,true,"[{""tags"":[""exterior-weathercoat"",""anti-fungal-treatment""],""category"":""painting"",""is_custom_category"":false}]",Sarita KC,+977 9852967352,regular,[],"Krishna Mandir side, Ward 23, Budhanilkantha, Kathmandu, बागमती प्रदेश, 44737, Nepal Best to come after 5pm when someone is home.",27.785559,85.353189,SRID=4326;POINT(85.353189 27.785559),,2026-07-14 01:22:13.000000,2026-07-14 01:54:13.000000
179,988,330,239,MCB keeps tripping,"Sometime this week is fine. The main breaker trips several times a day, usually when the water pump or iron is switched on, and the board makes a faint buzzing sound. The fridge keeps losing power and food has spoiled twice. Wiring is concealed in conduit so I do not know how it is routed. Property is in Suryabinayak, Bhaktapur. We are on a 15 amp single-phase connection from NEA. The house is locked during office hours on weekdays. Need someone to find what is overloading the circuit and fix it properly, not just reset it. I would like a written quote first.",ASSIGNED,true,"[{""tags"":[""tripping-circuit-repair"",""fault-diagnosis""],""category"":""electrical"",""is_custom_category"":false}]",Pemba Sherpa,+977 9822971391,regular,[],"Balumari Marg, Ward 25, Suryabinayak, Bhaktapur, Bagmati Province, 44898, Nepal My mother is at home during the day, she does not speak much English.",27.674579,85.422236,SRID=4326;POINT(85.422236 27.674579),,2026-06-19 02:51:14.000000,2026-06-28 11:22:14.000000
180,1010,332,,old furniture repair,"Urgent. An inherited wooden table has lifting veneer on the top, wobbly legs where the joints have loosened, and water rings in the finish. It is heavy and would be difficult to move out of the house. Someone is at home all day so timing is flexible. The piece is teak, at least fifty years old. Property is in Sitapaila, Kathmandu. Looking for someone who restores antiques properly rather than just repainting.",CANCELLED,true,"[{""tags"":[""veneer-repair"",""french-polishing"",""structural-joint-reglue""],""category"":""furniture-restoration"",""is_custom_category"":true}]",Binod Chaudhary,+977 9825111135,express,[],"pure land tower, Ward 14, Sitapaila, Kathmandu, बागमती प्रदेश, 44686, Nepal",27.712642,85.273759,SRID=4326;POINT(85.273759 27.712642),,2026-08-04 00:58:17.000000,2026-08-04 10:30:00.000000
181,1058,335,,rats in house,"Cockroaches come out of the kitchen drain every night and we have started hearing rats in the ceiling; one bedroom also has bed bugs. Nobody is sleeping properly and it is embarrassing with guests. This is a commercial premises so work would have to be after closing. This is the second time in two years, the last treatment did not hold. Property is in Budhanilkantha, Kathmandu. Want all three dealt with, safely since we have a cat and a toddler. Photos are attached.",MATCHED,true,"[{""tags"":[""cockroach-gel-treatment"",""rodent-proofing"",""bed-bug-treatment""],""category"":""pest-control"",""is_custom_category"":false}]",Sarita KC,+977 9854835304,regular,"[{""url"":""https://res.cloudinary.com/handyman-demo/image/upload/v1766705446/job_373571.jpg"",""type"":""image""},{""url"":""https://res.cloudinary.com/handyman-demo/image/upload/v1726486289/job_836438.jpg"",""type"":""image""}]","Balumari Marg, Ward 20, Budhanilkantha, Kathmandu, बागमती प्रदेश, 44662, Nepal",27.755648,85.374292,SRID=4326;POINT(85.374292 27.755648),,2026-08-02 20:03:09.000000,2026-08-04 10:30:00.000000
182,1000,337,,cement stains everywhere,"Need this done quickly. Construction just finished and there is cement haze on all the tiles, paint spots on the glass and fine dust over every surface. It is a three-bedroom flat, roughly 1200 square feet. Property is in Patan, Lalitpur. Cannot hand the flat over to tenants like this. Need a builders clean including the windows and floors. Happy to pay a visit charge for an inspection.",PENDING,true,"[{""tags"":[""post-construction-cleanup"",""grout-and-stain-removal""],""category"":""cleaning"",""is_custom_category"":false}]",Bikash Thapa,+977 9821110859,express,[],"Annapurna Complex, Ward 32, Patan, Lalitpur, बागमती प्रदेश, 44812, Nepal Call before coming, the gate is usually locked.",27.67455,85.326861,SRID=4326;POINT(85.326861 27.67455),,2026-06-18 03:18:02.000000,2026-06-18 04:05:02.000000
183,1030,,601,texture wall living room,"Need this done quickly. We want one living room wall done as a feature — either a texture finish or patterned wallpaper, we are not sure which. The current paint is a distemper, I am not sure if it needs stripping. The lane is narrow so a large vehicle will not reach the gate. Renovating before Dashain. We would like to keep the existing shade if it can be matched. Looking for someone who can advise and then do the finish properly.",ASSIGNED,true,"[{""tags"":[""texture-wall"",""wallpaper-hanging""],""category"":""painting"",""is_custom_category"":false}]",Suresh Basnet,+977 9828999040,express,"[{""url"":""https://res.cloudinary.com/handyman-demo/image/upload/v1794194084/job_372024.jpg"",""type"":""image""}]","City Centre back gate, Ward 20, Jawalakhel, Lalitpur, बागमती प्रदेश, 44748, Nepal",27.66693,85.316875,SRID=4326;POINT(85.316875 27.66693),,2026-06-17 08:49:04.000000,2026-06-21 09:06:04.000000
184,1003,339,,locked out,As soon as possible please. I have lost the only key to my flat and I am standing outside; the lock is a standard mortise type. Someone is at home all day so timing is flexible. I can show ownership documents if you need them before opening it. Locked out with a small child and it is getting dark. Need someone to open it without breaking the door and fit a new lock. Please give me a rough estimate before starting.,MATCHED,true,"[{""tags"":[""non-destructive-entry"",""24hr-emergency"",""lock-picking""],""category"":""locksmith"",""is_custom_category"":false}]",Anup G,+977 9749060429,express,"[{""url"":""https://res.cloudinary.com/handyman-demo/image/upload/v1753966885/job_708220.jpg"",""type"":""image""},{""url"":""https://res.cloudinary.com/handyman-demo/image/upload/v1761738086/job_514773.jpg"",""type"":""image""}]","Nirvana Garden, Ward 29, Dhapasi, Kathmandu, बागमती प्रदेश, 44692, Nepal My mother is at home during the day, she does not speak much English.",27.757111,85.305306,SRID=4326;POINT(85.305306 27.757111),,2026-07-09 20:52:36.000000,2026-07-13 07:54:36.000000
185,979,341,814,cctv camera fitting,"Urgent. We want six cameras covering the gate, parking and stairwell, with recording and the ability to view from a phone while travelling. Existing cabling from an old analogue system may be reusable. It is a rented flat and the landlord has agreed to the work. Property is in Jawalakhel, Lalitpur. The building has four floors plus a basement parking. There have been thefts from the parking area twice. Need cameras and a recorder installed and remote viewing set up securely. I would like a written quote first.",ASSIGNED,true,"[{""tags"":[""ip-cctv-install"",""nvr-configuration"",""remote-viewing-setup""],""category"":""security-systems"",""is_custom_category"":false}]",Pemba Sherpa,+977 9841082743,express,[],"hotel Rupakot, Ward 5, Jawalakhel, Lalitpur, Bagmati Province, 44839, Nepal",27.674037,85.315105,SRID=4326;POINT(85.315105 27.674037),,2026-06-11 22:43:47.000000,2026-06-12 23:27:47.000000
186,1004,342,,home tutor needed,"Need a tutor for a class 10 student in maths and science, twice a week at home. There is another small job at the same property we could discuss together. Looking for a tutor, not a tradesperson. I would like a written quote first.",PENDING,false,[],Anup G,+977 9853886051,regular,[],"City Centre back gate, Ward 17, Godawari, Lalitpur, Bagmati Province, 44688, Nepal Call before coming, the gate is usually locked.",27.59523,85.400531,SRID=4326;POINT(85.400531 27.59523),,2026-07-03 19:05:44.000000,2026-07-03 20:22:44.000000
187,1021,344,,soak pit not draining,"Sometime this week is fine. The septic tank is overflowing at the inspection cover and the soakpit no longer drains, so waste water is surfacing in the back yard. There is another small job at the same property we could discuss together. The soakpit is right beside the boundary wall so space is limited. The smell is unbearable and it is right beside the kitchen window. There is no vehicle access to the back so hoses will need to run through the side gate. Need the tank emptied and the soakpit rebuilt if it has silted up.",PENDING,true,"[{""tags"":[""septic-tank-desludging"",""soakpit-construction"",""drain-field-repair""],""category"":""septic-soakpit"",""is_custom_category"":true}]",Gita Tamang,+977 9756658132,regular,"[{""url"":""https://res.cloudinary.com/handyman-demo/image/upload/v1734870096/job_360733.mp4"",""type"":""video""},{""url"":""https://res.cloudinary.com/handyman-demo/image/upload/v1740893419/job_934027.jpg"",""type"":""image""}]","Nirvana Garden, Ward 19, Koteshwor, Kathmandu, बागमती प्रदेश, 44641, Nepal",27.673588,85.350003,SRID=4326;POINT(85.350003 27.673588),,2026-07-03 23:36:41.000000,2026-07-04 00:30:41.000000
188,995,347,333,bathroom leaking downstairs,"Would like this sorted this week. Water from the upstairs bathroom is coming through the ceiling below, and some floor tiles in the shower area sound hollow when tapped. The ceiling below is stained and starting to sag. I would rather not have the whole floor pulled up if it can be avoided. There is underfloor plumbing in that area so please be careful. We are on the top floor with no lift. Need the bathroom floor redone with proper waterproofing underneath.",COMPLETED,true,"[{""tags"":[""wet-area-waterproofing"",""shower-tray-forming""],""category"":""tiling"",""is_custom_category"":false}]",Laxmi Devkota,+977 9854898168,express,"[{""url"":""https://res.cloudinary.com/handyman-demo/image/upload/v1794184382/job_278451.jpg"",""type"":""image""}]","Balumari Marg, Ward 16, Kirtipur, Bagmati Province, 44797, Nepal",27.679212,85.294293,SRID=4326;POINT(85.294293 27.679212),,2026-07-16 20:54:16.000000,2026-07-19 06:42:16.000000
189,1041,349,385,stone wall pointing,"As soon as possible please. Our old family house has traditional brick walls where the joints are crumbling and someone previously patched them with grey cement which is now trapping damp inside. Access for a mixer is tight, the lane is barely wide enough for a bike. It is a rented flat and the landlord has agreed to the work. The inside walls are damp and the plaster keeps blowing. Need the wrong pointing removed and redone in a mortar that lets the wall breathe. Please give me a rough estimate before starting.",COMPLETED,true,"[{""tags"":[""lime-mortar-repointing"",""heritage-restoration""],""category"":""masonry"",""is_custom_category"":false}]",Hari Prasad,+977 9756919534,express,[],"Newa Decor, Ward 26, Imadol, Lalitpur, Bagmati Province, 44637, Nepal I am abroad, please coordinate with the caretaker on this number.",27.664016,85.332205,SRID=4326;POINT(85.332205 27.664016),,2026-07-08 01:13:54.000000,2026-07-09 12:48:54.000000
190,1035,350,472,water pump issue,"Urgent. The booster pump runs constantly but almost no water reaches the second and third floor taps, and the pump makes a rattling noise. Two families upstairs have had no running water since Saturday. The pipework is the old galvanised type, not PVC. The shut-off valve is in the parking area if you need it. Need the pump and overhead tank plumbing looked at, and the pressure balanced across all floors. Please give me a rough estimate before starting.",COMPLETED,true,"[{""tags"":[""pressure-pump-install"",""overhead-tank-plumbing""],""category"":""plumbing"",""is_custom_category"":false}]",Anup G,+977 9753325500,express,"[{""url"":""https://res.cloudinary.com/handyman-demo/image/upload/v1715353856/job_259051.jpg"",""type"":""image""}]","SASA Health Care, Ward 32, Madhyapur Thimi, Bagmati Province, 44704, Nepal",27.67357,85.372174,SRID=4326;POINT(85.372174 27.67357),,2026-07-20 09:51:15.000000,2026-07-23 03:37:15.000000
191,1016,351,370,spiral staircase,"As soon as possible please. We need a steel staircase from the second floor to the roof terrace, currently reached only by a wooden ladder. The existing metal is mild steel square tube, about 25mm. The previous welding was done badly and has cracked at the same joint before. The ladder is dangerous for my parents. I want it primed and painted black to match the rest. There is another small job at the same property we could discuss together. Want a proper steel staircase designed, fabricated and installed. Happy to pay a visit charge for an inspection.",ASSIGNED,true,"[{""tags"":[""staircase-fabrication"",""structural-steel""],""category"":""welding"",""is_custom_category"":false}]",Pemba Sherpa,+977 9827617489,express,"[{""url"":""https://res.cloudinary.com/handyman-demo/image/upload/v1766445487/job_957311.jpg"",""type"":""image""},{""url"":""https://res.cloudinary.com/handyman-demo/image/upload/v1797529482/job_714455.jpg"",""type"":""image""},{""url"":""https://res.cloudinary.com/handyman-demo/image/upload/v1731511188/job_340366.jpg"",""type"":""image""}]","Milan Tole, Ward 8, Baneshwor, Kathmandu, बागमती प्रदेश, 44763, Nepal",27.695411,85.334467,SRID=4326;POINT(85.334467 27.695411),,2026-06-16 03:56:15.000000,2026-06-22 11:52:15.000000
192,995,353,,clean underground tank,"Sometime this week is fine. The underground water tank has not been cleaned in years and the water has started smelling and looking slightly cloudy. The children have had stomach problems and I suspect the water. We would like this done on a Saturday if possible. The house is locked during office hours on weekdays. Want the tank emptied, scrubbed and disinfected properly. I would like a written quote first.",PENDING,true,"[{""tags"":[""water-tank-cleaning"",""sump-disinfection""],""category"":""cleaning"",""is_custom_category"":false}]",Nirmala Rai,+977 9745555568,regular,[],"Sunrise Apartment, Ward 12, Patan, Lalitpur, Bagmati Province, 44789, Nepal",27.678574,85.33161,SRID=4326;POINT(85.33161 27.678574),,2026-08-02 12:40:15.000000,2026-08-02 12:47:15.000000
193,986,354,,rewiring needed,"Sometime this week is fine. The house is about thirty years old, still on the original wiring with a ceramic fuse box, and some switches feel warm to the touch. Wiring is concealed in conduit so I do not know how it is routed. The distribution board is inside the stairwell cupboard. We have a newborn in the house and I am worried it is a fire risk. Want a full assessment and rewiring with a modern breaker board and proper earthing. Please bring whatever materials are needed, I will pay for them.",PENDING,true,"[{""tags"":[""house-rewiring"",""consumer-unit-upgrade"",""earthing-and-bonding""],""category"":""electrical"",""is_custom_category"":false}]",Deepak Shrestha,+977 9741967850,regular,"[{""url"":""https://res.cloudinary.com/handyman-demo/image/upload/v1762222542/job_568314.jpg"",""type"":""image""},{""url"":""https://res.cloudinary.com/handyman-demo/image/upload/v1743241165/job_195123.jpg"",""type"":""image""}]","SASA Health Care, Ward 13, Godawari, Lalitpur, बागमती प्रदेश, 44879, Nepal",27.583048,85.397981,SRID=4326;POINT(85.397981 27.583048),,2026-06-21 01:35:26.000000,2026-06-21 03:03:26.000000
194,1017,356,320,new kitchen setup,"We have a bare kitchen with only the counter slab in place and need cabinets above and below fitted around an awkward corner and the gas point. I would prefer a matte finish rather than high gloss. Nothing has a place and we are cooking out of boxes. Want modular units designed, made and installed with proper drawer hardware.",ASSIGNED,true,"[{""tags"":[""modular-kitchen"",""soft-close-hardware""],""category"":""carpentry"",""is_custom_category"":false}]",Nirmala Rai,+977 9856772513,regular,[],"Sunrise Apartment, Ward 21, Godawari, Lalitpur, बागमती प्रदेश, 44610, Nepal",27.588328,85.397652,SRID=4326;POINT(85.397652 27.588328),,2026-06-05 18:07:17.000000,2026-06-08 21:33:17.000000
195,1038,358,159,kitchen ventilation,"The commercial kitchen hood barely extracts and smoke fills the room whenever the tandoor is running; the duct rattles loudly. Outdoor unit sits on the rear terrace with a long pipe run. The unit is a 1.5 ton split, about four years old, out of warranty. Property is in Gokarneshwor. The house is locked during office hours on weekdays. Staff are complaining and customers can smell it in the dining area. Want the hood and ducting checked and made to actually extract. I would like a written quote first.",COMPLETED,true,"[{""tags"":[""kitchen-hood-ducting"",""exhaust-ventilation""],""category"":""hvac"",""is_custom_category"":false}]",Nirmala Rai,+977 9863079076,regular,"[{""url"":""https://res.cloudinary.com/handyman-demo/image/upload/v1762402281/job_640594.jpg"",""type"":""image""}]","Newa Decor, Ward 3, Gokarneshwor, बागमती प्रदेश, 44630, Nepal",27.763119,85.396423,SRID=4326;POINT(85.396423 27.763119),,2026-07-29 09:59:12.000000,2026-07-30 01:43:12.000000
196,1011,361,,house strengthening,"Need this done quickly. Our four-storey house was built before the current code with a very open ground floor for parking, and cracks appeared at the column tops after the last tremor. We are genuinely worried about the next big earthquake. We would need a written engineer's report for the bank as well. Want the building assessed for seismic vulnerability and strengthened where needed.",MATCHED,true,"[{""tags"":[""seismic-vulnerability-survey"",""jacketing-and-confinement"",""wall-stitching""],""category"":""seismic-retrofit"",""is_custom_category"":true}]",Bikash Thapa,+977 9753388203,express,"[{""url"":""https://res.cloudinary.com/handyman-demo/image/upload/v1744766859/job_266577.jpg"",""type"":""image""},{""url"":""https://res.cloudinary.com/handyman-demo/image/upload/v1747771024/job_362902.jpg"",""type"":""image""}]","Gyan Jyoti School, Ward 31, Madhyapur Thimi, Bagmati Province, 44694, Nepal",27.6851,85.387773,SRID=4326;POINT(85.387773 27.6851),,2026-08-01 20:10:43.000000,2026-08-04 10:30:00.000000
197,1031,,,smart lock fitting,"Urgent. We want to replace the main door lock with a fingerprint and PIN lock, and give separate access codes to family and the cleaner. There is a second lock on the same door that still works. Property is in Godawari, Lalitpur. Parking for a vehicle is available right outside. Too many keys in circulation after we changed tenants. Want a digital lock supplied and fitted with codes set up. Please bring whatever materials are needed, I will pay for them.",MATCHED,true,"[{""tags"":[""digital-door-lock"",""biometric-lock""],""category"":""locksmith"",""is_custom_category"":false}]",Sarita KC,+977 9746488632,express,"[{""url"":""https://res.cloudinary.com/handyman-demo/image/upload/v1738728793/job_387635.jpg"",""type"":""image""},{""url"":""https://res.cloudinary.com/handyman-demo/image/upload/v1703076254/job_385534.jpg"",""type"":""image""}]","Newa Decor, Ward 26, Godawari, Lalitpur, Bagmati Province, 44832, Nepal Call before coming, the gate is usually locked.",27.611785,85.367748,SRID=4326;POINT(85.367748 27.611785),,2026-08-02 13:10:58.000000,2026-08-03 18:20:58.000000
198,1009,,,intercom not working,"The video door phone shows a blank screen and the buzzer does not release the gate, and we would like the gate motorised. Two of the camera positions are outdoors and exposed to rain. Existing cabling from an old analogue system may be reusable. There is a broadband connection in the ground floor office. Property is in Madhyapur Thimi. The lane is narrow so a large vehicle will not reach the gate. Someone has to walk down three floors every time the bell rings. Want the intercom repaired and an automatic gate opener fitted. Please give me a rough estimate before starting.",PENDING,true,"[{""tags"":[""video-door-phone"",""automatic-gate""],""category"":""security-systems"",""is_custom_category"":false}]",Pemba Sherpa,+977 9742890316,regular,"[{""url"":""https://res.cloudinary.com/handyman-demo/image/upload/v1704326950/job_773203.jpg"",""type"":""image""}]","Newa Decor, Ward 32, Madhyapur Thimi, बागमती प्रदेश, 44664, Nepal My mother is at home during the day, she does not speak much English.",27.683286,85.394318,SRID=4326;POINT(85.394318 27.683286),,2026-06-06 13:13:54.000000,2026-06-06 13:44:54.000000
199,985,364,,induction not working,"Sometime this week is fine. The microwave runs and the light comes on but food stays cold, and separately the induction hob shows an error code and shuts off. There is another small job at the same property we could discuss together. Down to one gas burner for the whole household. Property is in Budhanilkantha, Kathmandu. I still have the original bill and manual if that helps. Want both looked at, repaired if it is worth it. I would like a written quote first.",MATCHED,true,"[{""tags"":[""microwave-repair"",""induction-hob""],""category"":""appliance-repair"",""is_custom_category"":false}]",Manisha Gurung,+977 9818496997,regular,"[{""url"":""https://res.cloudinary.com/handyman-demo/image/upload/v1795381184/job_108868.jpg"",""type"":""image""}]","Newa Decor, Ward 2, Budhanilkantha, Kathmandu, Bagmati Province, 44885, Nepal Please call my tenant on the number given, he is at the property.",27.776296,85.375028,SRID=4326;POINT(85.375028 27.776296),,2026-07-09 11:52:40.000000,2026-07-16 17:15:40.000000
200,1007,365,,balcony railing,"Urgent. Need security grilles made and fitted to five ground floor windows, and a railing for the first floor balcony which currently has nothing. The lane is narrow so a large vehicle will not reach the gate. Total measurement is roughly 12 feet by 5 feet. Power is available at the site for your machine. There was a break-in attempt on the street last month. Want them measured, fabricated and installed painted. Happy to pay a visit charge for an inspection.",CANCELLED,true,"[{""tags"":[""window-grille"",""ms-railing""],""category"":""welding"",""is_custom_category"":false}]",Rajesh Karki,+977 9758697287,express,[],"Nirvana Garden, Ward 32, Balaju, Kathmandu, बागमती प्रदेश, 44625, Nepal",27.738831,85.314658,SRID=4326;POINT(85.314658 27.738831),,2026-06-19 01:38:07.000000,2026-06-28 05:06:07.000000
201,1009,367,,bathroom partition glass,"Urgent. We want a frameless glass shower enclosure in the master bathroom where currently a curtain is used and water goes everywhere. We would like toughened glass this time since children play in that room. The bathroom floor is soaked after every shower. Want it templated, made and installed.",PENDING,true,"[{""tags"":[""shower-enclosure"",""toughened-glass""],""category"":""glazing"",""is_custom_category"":false}]",Nirmala Rai,+977 9862752982,express,"[{""url"":""https://res.cloudinary.com/handyman-demo/image/upload/v1727626181/job_141421.jpg"",""type"":""image""},{""url"":""https://res.cloudinary.com/handyman-demo/image/upload/v1724162190/job_185467.jpg"",""type"":""image""}]","Gyan Jyoti School, Ward 31, Gokarneshwor, Bagmati Province, 44704, Nepal",27.764498,85.385576,SRID=4326;POINT(85.385576 27.764498),,2026-07-12 02:24:51.000000,2026-07-12 02:57:51.000000
202,1025,370,956,bathroom tiles,"Water from the upstairs bathroom is coming through the ceiling below, and some floor tiles in the shower area sound hollow when tapped. The tiles are 2 by 2 feet vitrified, and I have about ten spares left over. There is another small job at the same property we could discuss together. I would rather not have the whole floor pulled up if it can be avoided. The ceiling below is stained and starting to sag. The original tiling was done four years ago by the builder. Need the bathroom floor redone with proper waterproofing underneath.",COMPLETED,true,"[{""tags"":[""wet-area-waterproofing"",""shower-tray-forming""],""category"":""tiling"",""is_custom_category"":false}]",Suresh Basnet,+977 9844619288,regular,[],"SASA Health Care, Ward 15, Chabahil, Kathmandu, Bagmati Province, 44654, Nepal",27.733112,85.333968,SRID=4326;POINT(85.333968 27.733112),,2026-07-03 13:02:40.000000,2026-07-05 17:47:40.000000
203,1014,371,,AUTOMOTIVE,"The car makes a grinding noise when braking and pulls to the left. I do not feel safe driving the children in it. We are on the top floor with no lift. Need a mechanic, ideally one who can come to the house. Please give me a rough estimate before starting.",PENDING,false,[],Binod Chaudhary,+977 9815958007,regular,"[{""url"":""https://res.cloudinary.com/handyman-demo/image/upload/v1758490164/job_252908.jpg"",""type"":""image""},{""url"":""https://res.cloudinary.com/handyman-demo/image/upload/v1706858987/job_948702.jpg"",""type"":""image""}]","Gyan Jyoti School, Ward 30, Kalanki, Kathmandu, Bagmati Province, 44745, Nepal",27.680899,85.281379,SRID=4326;POINT(85.281379 27.680899),,2026-06-20 16:06:51.000000,2026-06-20 16:54:51.000000
204,987,372,147,stone wall pointing,This is an emergency. Our old family house has traditional brick walls where the joints are crumbling and someone previously patched them with grey cement which is now trapping damp inside. I can arrange sand and cement locally if that is cheaper. Need the wrong pointing removed and redone in a mortar that lets the wall breathe. Happy to pay a visit charge for an inspection.,COMPLETED,true,"[{""tags"":[""lime-mortar-repointing"",""heritage-restoration""],""category"":""masonry"",""is_custom_category"":false}]",Client1,+977 9849942901,express,"[{""url"":""https://res.cloudinary.com/handyman-demo/image/upload/v1784879139/job_594778.mp4"",""type"":""video""},{""url"":""https://res.cloudinary.com/handyman-demo/image/upload/v1703726065/job_782409.jpg"",""type"":""image""}]","Himalaya Height, Ward 24, Balaju, Kathmandu, बागमती प्रदेश, 44818, Nepal My mother is at home during the day, she does not speak much English.",27.737667,85.306095,SRID=4326;POINT(85.306095 27.737667),,2026-07-12 21:44:27.000000,2026-07-17 15:17:27.000000
205,1052,373,,intercom not working,"The video door phone shows a blank screen and the buzzer does not release the gate, and we would like the gate motorised. Existing cabling from an old analogue system may be reusable. Someone has to walk down three floors every time the bell rings. Want the intercom repaired and an automatic gate opener fitted. Happy to pay a visit charge for an inspection.",CANCELLED,true,"[{""tags"":[""video-door-phone"",""automatic-gate""],""category"":""security-systems"",""is_custom_category"":false}]",Sarita KC,+977 9801595228,regular,[],"pure land tower, Ward 19, Madhyapur Thimi, बागमती प्रदेश, 44860, Nepal",27.681712,85.376498,SRID=4326;POINT(85.376498 27.681712),,2026-07-08 00:14:49.000000,2026-07-13 15:19:49.000000
206,984,374,234,custom bed frame,"Would like this sorted this week. I want a solid wood queen bed with storage drawers underneath, made to fit a slightly narrow room. Someone is at home all day so timing is flexible. Moving into the new flat next month and need it before then. The existing woodwork is sal wood, if you need to match it. Looking for someone who can measure, build and finish it in matching wood. Please give me a rough estimate before starting.",COMPLETED,true,"[{""tags"":[""custom-furniture"",""hardwood-finishing""],""category"":""carpentry"",""is_custom_category"":false}]",Gita Tamang,+977 9846582766,express,"[{""url"":""https://res.cloudinary.com/handyman-demo/image/upload/v1799121116/job_981098.jpg"",""type"":""image""},{""url"":""https://res.cloudinary.com/handyman-demo/image/upload/v1711366500/job_443109.jpg"",""type"":""image""},{""url"":""https://res.cloudinary.com/handyman-demo/image/upload/v1773455254/job_179336.jpg"",""type"":""image""}]","Newa Decor, Ward 9, Sitapaila, Kathmandu, Bagmati Province, 44825, Nepal I am abroad, please coordinate with the caretaker on this number.",27.706107,85.270517,SRID=4326;POINT(85.270517 27.706107),,2026-07-05 13:02:19.000000,2026-07-13 02:20:19.000000
207,1058,377,,floor creaking badly,"The wooden floor in the upstairs bedroom flexes and creaks loudly in one area and feels slightly springy underfoot. It feels unsafe walking across that part of the room. I would prefer a matte finish rather than high gloss. Property is in Kalanki, Kathmandu. The last carpenter left the job unfinished and I do not want to call him back. Need the joists underneath inspected and strengthened. Please give me a rough estimate before starting.",PENDING,true,"[{""tags"":[""floor-joist-repair"",""timber-decking""],""category"":""carpentry"",""is_custom_category"":false}]",Hari Prasad,+977 9744762861,regular,"[{""url"":""https://res.cloudinary.com/handyman-demo/image/upload/v1764735542/job_228658.jpg"",""type"":""image""}]","SASA Health Care, Ward 10, Kalanki, Kathmandu, Bagmati Province, 44718, Nepal",27.694362,85.283593,SRID=4326;POINT(85.283593 27.694362),,2026-06-09 00:10:43.000000,2026-06-09 01:32:43.000000
208,1025,379,,need gardener,"Would like this sorted this week. The garden has been neglected for a year; grass is knee high, hedges are wild and several plants have died. We would like mostly local plants that survive without much care. The soil is heavy clay and does not drain well. Snakes have been seen in the long grass. Want it cleared, cut back and replanted, then maintained monthly. Please bring whatever materials are needed, I will pay for them.",PENDING,true,"[{""tags"":[""garden-maintenance"",""seasonal-planting""],""category"":""landscaping"",""is_custom_category"":false}]",Client1,+977 9867897435,express,"[{""url"":""https://res.cloudinary.com/handyman-demo/image/upload/v1770824521/job_198084.jpg"",""type"":""image""}]","SASA Health Care, Ward 21, Balaju, Kathmandu, Bagmati Province, 44833, Nepal I am abroad, please coordinate with the caretaker on this number.",27.747125,85.314845,SRID=4326;POINT(85.314845 27.747125),,2026-07-28 05:21:59.000000,2026-07-28 05:26:59.000000
209,990,380,603,projector installation,"We have bought a projector and a surround speaker set but need it installed properly, with cables hidden and the sound balanced. Equipment has been sitting in boxes for a month. Power points are only on one side of the room at present. Property is in Patan, Lalitpur. Want it mounted, wired in-wall and calibrated. I would like a written quote first.",COMPLETED,true,"[{""tags"":[""projector-installation"",""surround-sound-calibration"",""multi-room-audio""],""category"":""home-theatre"",""is_custom_category"":true}]",Anjali Joshi,+977 9746778303,regular,"[{""url"":""https://res.cloudinary.com/handyman-demo/image/upload/v1712948944/job_201099.jpg"",""type"":""image""}]","hotel Rupakot, Ward 9, Patan, Lalitpur, बागमती प्रदेश, 44641, Nepal Best to come after 5pm when someone is home.",27.674294,85.324261,SRID=4326;POINT(85.324261 27.674294),,2026-07-14 16:42:28.000000,2026-07-18 03:13:28.000000
210,1012,381,647,RO plant needed,"The tap water leaves white scale on everything, tastes metallic, and stains the bathroom fittings brown. We are buying jar water for drinking which is expensive. We currently use a small RO unit in the kitchen only. A lab test last year showed high iron and hardness. Want the water tested and a treatment system installed for the whole house.",COMPLETED,true,"[{""tags"":[""ro-plant-install"",""water-softener"",""iron-removal-filter""],""category"":""water-treatment"",""is_custom_category"":false}]",Ram Bahadur,+977 9817394340,regular,"[{""url"":""https://res.cloudinary.com/handyman-demo/image/upload/v1717136192/job_960401.jpg"",""type"":""image""}]","Pragya Sadan, Ward 23, Godawari, Lalitpur, Bagmati Province, 44884, Nepal",27.60589,85.395155,SRID=4326;POINT(85.395155 27.60589),,2026-07-19 00:00:33.000000,2026-07-26 21:28:33.000000
211,1042,382,,lift not working,The building lift stops between floors intermittently and the doors sometimes close on people before reopening. Elderly residents on the fifth floor are effectively trapped upstairs. The problem is worse when the building is busy in the morning. The annual maintenance contract lapsed last year. Need it serviced and the safety systems tested urgently.,MATCHED,true,"[{""tags"":[""lift-servicing"",""door-operator-alignment"",""overspeed-governor-testing""],""category"":""elevator"",""is_custom_category"":true}]",Nirmala Rai,+977 9803433121,regular,"[{""url"":""https://res.cloudinary.com/handyman-demo/image/upload/v1718385204/job_919489.jpg"",""type"":""image""}]","Nirvana Garden, Ward 32, Kalanki, Kathmandu, Bagmati Province, 44791, Nepal",27.697194,85.279718,SRID=4326;POINT(85.279718 27.697194),,2026-06-11 05:46:33.000000,2026-06-17 09:04:33.000000
212,988,383,819,exhaust not working,The commercial kitchen hood barely extracts and smoke fills the room whenever the tandoor is running; the duct rattles loudly. We are on the top floor with no lift. The drain pipe also drips onto the neighbour's side. The room gets full afternoon sun which may be part of the problem. Want the hood and ducting checked and made to actually extract. Happy to pay a visit charge for an inspection.,ASSIGNED,true,"[{""tags"":[""kitchen-hood-ducting"",""exhaust-ventilation""],""category"":""hvac"",""is_custom_category"":false}]",Suresh Basnet,+977 9751434954,regular,[],"Himalaya Height, Ward 29, Imadol, Lalitpur, Bagmati Province, 44667, Nepal",27.661673,85.333904,SRID=4326;POINT(85.333904 27.661673),,2026-06-28 00:08:25.000000,2026-06-30 01:24:25.000000
213,1030,385,332,grill painting,"As soon as possible please. The window grilles and the main gate have rust bubbling through the old paint, worst at the bottom where water collects. Property is in Tokha. Ceiling height is about nine feet so scaffolding may be needed. Want the rust treated and everything repainted so it lasts.",COMPLETED,true,"[{""tags"":[""anti-corrosive-metal-paint""],""category"":""painting"",""is_custom_category"":false}]",Sita Sharma,+977 9862148993,express,"[{""url"":""https://res.cloudinary.com/handyman-demo/image/upload/v1743618426/job_638698.jpg"",""type"":""image""}]","City Centre back gate, Ward 5, Tokha, बागमती प्रदेश, 44661, Nepal",27.755623,85.337995,SRID=4326;POINT(85.337995 27.755623),,2026-08-01 12:57:21.000000,2026-08-04 09:43:21.000000
214,987,388,,AUTOMOTIVE,"The car makes a grinding noise when braking and pulls to the left. Someone is at home all day so timing is flexible. I do not feel safe driving the children in it. Need a mechanic, ideally one who can come to the house. Please give me a rough estimate before starting.",CANCELLED,false,[],Gita Tamang,+977 9811440408,regular,[],"SASA Health Care, Ward 16, Tokha, Bagmati Province, 44614, Nepal Call before coming, the gate is usually locked.",27.748206,85.331534,SRID=4326;POINT(85.331534 27.748206),,2026-06-25 00:38:38.000000,2026-07-01 13:02:38.000000
215,983,,,water tank cleaning,"Would like this sorted this week. The underground water tank has not been cleaned in years and the water has started smelling and looking slightly cloudy. The children have had stomach problems and I suspect the water. Water supply is available but you would need to bring your own equipment. Want the tank emptied, scrubbed and disinfected properly.",PENDING,true,"[{""tags"":[""water-tank-cleaning"",""sump-disinfection""],""category"":""cleaning"",""is_custom_category"":false}]",Bikash Thapa,+977 9848352013,express,"[{""url"":""https://res.cloudinary.com/handyman-demo/image/upload/v1729053762/job_752039.jpg"",""type"":""image""},{""url"":""https://res.cloudinary.com/handyman-demo/image/upload/v1715699627/job_381409.jpg"",""type"":""image""}]","Annapurna Complex, Ward 6, Sitapaila, Kathmandu, Bagmati Province, 44712, Nepal Best to come after 5pm when someone is home.",27.711863,85.274352,SRID=4326;POINT(85.274352 27.711863),,2026-07-08 02:14:42.000000,2026-07-08 03:12:42.000000
216,1014,389,,washer not spinning,"The front-load washing machine makes a loud grinding noise on spin, shakes badly, and leaves a puddle of water underneath after each wash. It is a Samsung unit, roughly five years old, warranty finished. Someone is at home all day so timing is flexible. Cannot wash clothes for a family of five. I still have the original bill and manual if that helps. Need it repaired at home if possible rather than taken away. Happy to pay a visit charge for an inspection.",PENDING,true,"[{""tags"":[""front-load-washer"",""drum-bearing-replacement""],""category"":""appliance-repair"",""is_custom_category"":false}]",Suresh Basnet,+977 9745495341,regular,"[{""url"":""https://res.cloudinary.com/handyman-demo/image/upload/v1799440871/job_347867.jpg"",""type"":""image""},{""url"":""https://res.cloudinary.com/handyman-demo/image/upload/v1706075062/job_367805.jpg"",""type"":""image""}]","Milan Tole, Ward 23, Sitapaila, Kathmandu, Bagmati Province, 44864, Nepal",27.719523,85.277621,SRID=4326;POINT(85.277621 27.719523),,2026-07-09 16:02:07.000000,2026-07-09 16:57:07.000000
217,1057,391,,terrace water leaking,"As soon as possible please. The flat terrace roof leaks into the top floor bedroom during heavy rain, and water sits in a puddle near the parapet that never drains. The problem only shows during heavy rain, not light drizzle. There is another small job at the same property we could discuss together. A waterproofing coat was applied about three years ago. The bedroom ceiling is stained and we put buckets out every monsoon. Need the leak found and the roof waterproofed properly.",PENDING,true,"[{""tags"":[""flat-roof-leak"",""app-membrane"",""liquid-waterproofing""],""category"":""roofing"",""is_custom_category"":false}]",Deepak Shrestha,+977 9856821746,express,"[{""url"":""https://res.cloudinary.com/handyman-demo/image/upload/v1704528462/job_964292.jpg"",""type"":""image""},{""url"":""https://res.cloudinary.com/handyman-demo/image/upload/v1766040489/job_963486.jpg"",""type"":""image""}]","hotel Rupakot, Ward 31, Satdobato, Lalitpur, Bagmati Province, 44791, Nepal Call before coming, the gate is usually locked.",27.664443,85.316197,SRID=4326;POINT(85.316197 27.664443),,2026-08-03 23:22:16.000000,2026-08-04 00:15:16.000000
218,1025,392,719,chimney cleaning,"Would like this sorted this week. Smoke blows back into the room when the fireplace is lit and there is a smell of soot upstairs even when it is not in use. We stopped using the fireplace entirely because of the smoke. There is no cowl on top and birds have nested in it before. The stove itself was installed by the previous owner. Property is in Koteshwor, Kathmandu. Need the chimney swept, inspected and relined if it is leaking. I have a budget in mind so tell me if it is unrealistic.",COMPLETED,true,"[{""tags"":[""chimney-sweeping"",""flue-relining"",""cowl-and-capping""],""category"":""chimney-flue"",""is_custom_category"":true}]",Bikash Thapa,+977 9819177808,express,"[{""url"":""https://res.cloudinary.com/handyman-demo/image/upload/v1745155839/job_803180.jpg"",""type"":""image""},{""url"":""https://res.cloudinary.com/handyman-demo/image/upload/v1763622683/job_593739.jpg"",""type"":""image""}]","Pragya Sadan, Ward 24, Koteshwor, Kathmandu, बागमती प्रदेश, 44841, Nepal Best to come after 5pm when someone is home.",27.675489,85.354434,SRID=4326;POINT(85.354434 27.675489),,2026-07-07 19:18:57.000000,2026-07-17 13:06:57.000000
219,1041,393,,facade wash,"Urgent. The outside of the glass on our four-storey building has hard water staining and cannot be reached from inside. It is a three-bedroom flat, roughly 1200 square feet. We would like this done on a Saturday if possible. Need someone with rope access or proper equipment to clean it. Please give me a rough estimate before starting.",PENDING,true,"[{""tags"":[""high-rise-glass"",""facade-cleaning"",""rope-access""],""category"":""cleaning"",""is_custom_category"":false}]",Rajesh Karki,+977 9815724419,express,[],"Newa Decor, Ward 9, Balaju, Kathmandu, बागमती प्रदेश, 44886, Nepal",27.73447,85.313229,SRID=4326;POINT(85.313229 27.73447),,2026-06-23 01:27:27.000000,2026-06-23 01:32:27.000000
220,1045,396,,after renovation cleaning,"As soon as possible please. Construction just finished and there is cement haze on all the tiles, paint spots on the glass and fine dust over every surface. There are two cats in the house so no strong chemicals please. Need a builders clean including the windows and floors. I have a budget in mind so tell me if it is unrealistic.",PENDING,true,"[{""tags"":[""post-construction-cleanup"",""grout-and-stain-removal""],""category"":""cleaning"",""is_custom_category"":false}]",Sita Sharma,+977 9855667860,express,"[{""url"":""https://res.cloudinary.com/handyman-demo/image/upload/v1766682184/job_235842.jpg"",""type"":""image""}]","Krishna Mandir side, Ward 24, Thamel, Kathmandu, Bagmati Province, 44628, Nepal",27.710608,85.313638,SRID=4326;POINT(85.313638 27.710608),,2026-06-10 14:44:30.000000,2026-06-10 15:50:30.000000
